objectid,parentid,title,date,date-is-approximate?,creator,recipient,description,item_information,subject,location,latitude,longitude,related_publication,publisher-digital,source,findingaid,original-identifier,rights,rightsstatement,type,format,language,relation,identifier,display_template,object_location,image_small,image_thumb,image_alt_text,object_transcript
dor001,,"Caliban, Prospero and Miranda",1784–88,yes,Thomas Rowlandson; John Hamilton Mortimer; William Shakespeare,,"Scene from the Tempest: Caliban, Prospero and Miranda",,allusion,New York City,,,,The Met Museum,"The Elisha Whittelsey Collection, The Elisha Whittelsey Fund, 1953",,,Public Doman,Found on Wikipedia,Image;StillImage,image/jpeg,,,,image,https://upload.wikimedia.org/wikipedia/commons/6/6a/Caliban%2C_Prospero_and_Miranda_%28Shakespeare%27s_Tempest%29_MET_DP828462.jpg,https://upload.wikimedia.org/wikipedia/commons/6/6a/Caliban%2C_Prospero_and_Miranda_%28Shakespeare%27s_Tempest%29_MET_DP828462.jpg,https://upload.wikimedia.org/wikipedia/commons/6/6a/Caliban%2C_Prospero_and_Miranda_%28Shakespeare%27s_Tempest%29_MET_DP828462.jpg,https://upload.wikimedia.org/wikipedia/commons/6/6a/Caliban%2C_Prospero_and_Miranda_%28Shakespeare%27s_Tempest%29_MET_DP828462.jpg,
dor002,,The Grosvenor House,1872,yes,,,"Grosvenor House, front screen viewed from Upper Grosvenor Street. The two pedimented archways either end of the screen are reproduced on the roof of the 1920s Grosvenor House Hotel which now stands on the site.",,location,London,51.509778,-0.155472,,"Walford, Edward. Old & New London: A Narrative of Its History, Its People & Its Places","Newton, Diana; Lumby, Jonathan, The Grosvenors of Eaton, Eccleston, Cheshire: Jennet Publications",,,Public Doman,Found on Wikipedia,Image;StillImage,image/jpeg,,,,image,https://upload.wikimedia.org/wikipedia/en/1/17/GrosvenorHouse.jpg,https://upload.wikimedia.org/wikipedia/en/1/17/GrosvenorHouse.jpg,https://upload.wikimedia.org/wikipedia/en/1/17/GrosvenorHouse.jpg,https://upload.wikimedia.org/wikipedia/en/1/17/GrosvenorHouse.jpg,
dor003,,Narcissus at the Source,1597-1599,yes,Michelangelo Merisi da Caravaggio,,Narcissus is depicted in this Caraviggio painting looking at his own reflection in the pond,,allusion,Rome,,,,Galleria Nazionale d'Arte Antica,Galleria Nazionale d'Arte Antica,,,Public Doman,Found on Wikipedia,Image;StillImage,image/jpeg,,,,image,https://upload.wikimedia.org/wikipedia/commons/thumb/2/29/Narcissus-Caravaggio_%281594-96%29_edited.jpg/1920px-Narcissus-Caravaggio_%281594-96%29_edited.jpg,https://upload.wikimedia.org/wikipedia/commons/thumb/2/29/Narcissus-Caravaggio_%281594-96%29_edited.jpg/1920px-Narcissus-Caravaggio_%281594-96%29_edited.jpg,https://upload.wikimedia.org/wikipedia/commons/thumb/2/29/Narcissus-Caravaggio_%281594-96%29_edited.jpg/1920px-Narcissus-Caravaggio_%281594-96%29_edited.jpg,https://upload.wikimedia.org/wikipedia/commons/thumb/2/29/Narcissus-Caravaggio_%281594-96%29_edited.jpg/1920px-Narcissus-Caravaggio_%281594-96%29_edited.jpg,
dor004,,Bust of Antinous,,,,,Marble bust of Antinous from the Villa Adriana in Tivoli.,,allusion,Tivoli,,,,Wikipedia,Villa Adriana,,,Public Doman,Found on Wikipedia,Image;StillImage,image/jpeg,,,,image,https://upload.wikimedia.org/wikipedia/commons/5/52/Bust_Antinous_Hermitage_GR-4220_n1.jpeg,https://upload.wikimedia.org/wikipedia/commons/5/52/Bust_Antinous_Hermitage_GR-4220_n1.jpeg,https://upload.wikimedia.org/wikipedia/commons/5/52/Bust_Antinous_Hermitage_GR-4220_n1.jpeg,,
dor005,,"Waldszenen (Forest Scenes), Op 82",1848–1849,,Robert Schumann; Gregor Quendel,,"Waldszenen (Forest Scenes), Op. 82, is a set of nine short solo piano pieces composed by Robert Schumann in 1848–1849, first published in 1850–1851 in Leipzig by Bartholf Senff.",,allusion,Leipzig,,,,CLASSICALS.DE EXCLUSIVE RECORDING,https://www.classicals.de/,,,"Composition in public domain, sound recording in copyright, CC BY NC 4.0",Found on classicals.de,audio,audio/mp3,,,,audio,https://library.classicalmusicarchive.org/music/HM%20Collection/Schumann/Classicals.de%20-%20Schumann%20-%20Waldszenen%20(Forest%20Scenes)%2C%20Op.%2082%20-%20No.%201%2C%20Eintritt%20(Entry).mp3,https://upload.wikimedia.org/wikipedia/commons/2/2c/Waldszenen-Tiltelbild.jpg,https://upload.wikimedia.org/wikipedia/commons/2/2c/Waldszenen-Tiltelbild.jpg,,
dor006,,Whitechapel,1905,,,,"Whitechapel High Street, and St Mary Matfelon, in 1905",,location,London,51.5164,-0.0692,,Wikipedia,,,,Public Doman,Found on Wikipedia,Image;StillImage,image/jpeg,,,,image,https://upload.wikimedia.org/wikipedia/commons/6/66/Whitechapel_High_Street_1905.JPG,https://upload.wikimedia.org/wikipedia/commons/6/66/Whitechapel_High_Street_1905.JPG,https://upload.wikimedia.org/wikipedia/commons/6/66/Whitechapel_High_Street_1905.JPG,,
dor007,,The Orleans House,2015,,Matt Brown,,Photo of the Orleans House Gallery,,location,London,51.447323,-0.318755,,Flickr,,,,Creative Commons Attribution 2.0 Generic,"Orleans House Gallery by Matt Brown, CC-BY SA 2.0",Image;StillImage,image/jpeg,,,,image,https://upload.wikimedia.org/wikipedia/commons/7/72/Orleans_House_Gallery_%2816944530880%29.jpg,https://upload.wikimedia.org/wikipedia/commons/7/72/Orleans_House_Gallery_%2816944530880%29.jpg,https://upload.wikimedia.org/wikipedia/commons/7/72/Orleans_House_Gallery_%2816944530880%29.jpg,,
dor008,,Curzon Street,23 December 2008,,Basher Eyre,,Looking westwards along Curzon Street,,location,London,,,,Geograph,,,,Creative Commons Attribution-Share Alike 2.0 Generic,"Looking westward along Curzon Street by Basher Eye, CC-BY SA 2.0",Image;StillImage,image/jpeg,,,,image,https://upload.wikimedia.org/wikipedia/commons/2/29/Looking_westwards_along_Curzon_Street_-_geograph.org.uk_-_1089822.jpg,https://upload.wikimedia.org/wikipedia/commons/2/29/Looking_westwards_along_Curzon_Street_-_geograph.org.uk_-_1089822.jpg,https://upload.wikimedia.org/wikipedia/commons/2/29/Looking_westwards_along_Curzon_Street_-_geograph.org.uk_-_1089822.jpg,,
dor009,,De Profundis,1897,,Oscar Wilde,,"Letter written by Wilde to his friend and lover Lord Alfred ""Bosie"" Douglas during his imprisonment in Reading Gaol",,connection,London,,,,Project Gutenberg,,,,Public Doman,Retrieved from Project Gutenberg,Text,,,,,record,https://www.gutenberg.org/files/921/921-h/921-h.htm,https://upload.wikimedia.org/wikipedia/commons/e/e8/Oscar_Wilde_by_Sarony_1882_01.jpg,,,
dor010,,Albany,1830,yes,Thomas Shepherd,,Drawing of the Albany.,,location,London,51.508889,-0.138611,,Wikipedia,,,,Public Doman,Found on Wikipedia,Image;StillImage,image/jpeg,,,,image,https://upload.wikimedia.org/wikipedia/commons/c/ce/The_Albany_by_Thomas_Shepherd.jpg,https://upload.wikimedia.org/wikipedia/commons/c/ce/The_Albany_by_Thomas_Shepherd.jpg,https://upload.wikimedia.org/wikipedia/commons/c/ce/The_Albany_by_Thomas_Shepherd.jpg,,
dor011,,Temptation of Eve,1450,yes,Berthold Furtmeyr,,"Temptation of Eve, illustrated by Berthold Furtmeyr, found in the Furtmeyr Bible",,allusion,Munich,,,,Wikipedia,Library of Congress,,,Public Doman,Retrieved from Wikipedia,Image;StillImage,image/jpeg,,,,image,https://upload.wikimedia.org/wikipedia/commons/c/c6/Temptation_of_Eve_-_Berthold_Furtmeyr_-_Furtmeyr_Bible_p24.jpg,https://upload.wikimedia.org/wikipedia/commons/c/c6/Temptation_of_Eve_-_Berthold_Furtmeyr_-_Furtmeyr_Bible_p24.jpg,https://upload.wikimedia.org/wikipedia/commons/c/c6/Temptation_of_Eve_-_Berthold_Furtmeyr_-_Furtmeyr_Bible_p24.jpg,,
dor012,,"Ancient legends, Mystic Charms & Superstitions of Ireland by Lady Wilde",1887,,Lady Jane Wilde,,"Collection of folklore and mythological tales compiled in the early 20th century. This collection mentions the Leanan Sidhe, an mythical muse who slowly eats away at an artist.",,allusion,Dublin,,,,Wikipedia,Project Gutenberg,,,Public Doman,Retrieved from Project Gutenberg,Text,,,,,record,https://www.gutenberg.org/cache/epub/61436/pg61436-images.html,https://www.gutenberg.org/cache/epub/61436/pg61436.cover.medium.jpg,https://www.gutenberg.org/cache/epub/61436/pg61436.cover.medium.jpg,,
dor013,,The School of Athens,1509,yes,Raffaello Sanzio da Urbino,,"Fresco depicting Plato, Aristotle, and other mathematicians, philosophers, and scientists",,allusion,Vatican City,,,,Wikipedia,Apostolic Palace,,,Public Doman,Retrieved from Wikipedia,Image;StillImage,image/jpeg,,,,image,https://upload.wikimedia.org/wikipedia/commons/4/49/%22The_School_of_Athens%22_by_Raffaello_Sanzio_da_Urbino.jpg,https://upload.wikimedia.org/wikipedia/commons/4/49/%22The_School_of_Athens%22_by_Raffaello_Sanzio_da_Urbino.jpg,https://upload.wikimedia.org/wikipedia/commons/4/49/%22The_School_of_Athens%22_by_Raffaello_Sanzio_da_Urbino.jpg,,
dor014,,David,1501; 2016,yes,Michelangelo; Jörg Bittner Unna,,Photograph of Michelangelo's David taken at the Galleria dell'Accademia in Florence,,allusion,Florence,,,,Wikipedia,Galleria dell'Accademia,,,Creative Commons Attribution 3.0 Unported,Retrieved from Wikipedia,Image;StillImage,image/jpeg,,,,image,https://upload.wikimedia.org/wikipedia/commons/b/bb/%27David%27_by_Michelangelo_Fir_JBU004.jpg,https://upload.wikimedia.org/wikipedia/commons/b/bb/%27David%27_by_Michelangelo_Fir_JBU004.jpg,https://upload.wikimedia.org/wikipedia/commons/b/bb/%27David%27_by_Michelangelo_Fir_JBU004.jpg,,
dor015,,East End,1902,,,,"Dorset Street, Spitalfields. Dorset Street, UK, photographed in 1902 for Jack London's book The People of the Abyss. Miller's Court was reached through an alleyway on the right.",,location,London,,,,Wikipedia,,,,Public Doman,Retrieved from Wikipedia,Image;StillImage,image/jpeg,,,,image,https://upload.wikimedia.org/wikipedia/commons/5/57/Dorset-street-1902.jpg,https://upload.wikimedia.org/wikipedia/commons/5/57/Dorset-street-1902.jpg,https://upload.wikimedia.org/wikipedia/commons/5/57/Dorset-street-1902.jpg,,
dor016,,The Bacchae,405 BC,yes,Euripedes,,The Bacchae is an Ancient Greek tragedy written by Euripides. It tells the story of Dionysus and his followers,,allusion,Athens,,,,Project Gutenberg,,,,Public Doman,Retrieved from Project Gutenberg,,,,,,image,https://www.gutenberg.org/files/35173/35173-h/35173-h.htm,https://upload.wikimedia.org/wikipedia/commons/c/c1/Pompeii_-_Casa_dei_Vettii_-_Pentheus.jpg,https://upload.wikimedia.org/wikipedia/commons/c/c1/Pompeii_-_Casa_dei_Vettii_-_Pentheus.jpg,,
dor017,,The Drunken Silenus,1620,yes,Peter Paul Rubens,,Rubens depiction of Silenus,,allusion,London,,,,Wikipedia,National Gallery of London,,,Public Doman,Retrieved from Wikipedia,Image;StillImage,image/jpeg,,,,image,https://upload.wikimedia.org/wikipedia/commons/d/d7/Peter_Paul_Rubens_-_The_Drunken_Silenus_-_WGA20298.jpg,https://upload.wikimedia.org/wikipedia/commons/d/d7/Peter_Paul_Rubens_-_The_Drunken_Silenus_-_WGA20298.jpg,https://upload.wikimedia.org/wikipedia/commons/d/d7/Peter_Paul_Rubens_-_The_Drunken_Silenus_-_WGA20298.jpg,,
dor018,,Almack's Assembly Rooms,Late 18th or early 19th century,yes,,,"Almack's Assembly Rooms in King Street, St. James, London. Late 18th or early 19th century.",,location,London,,,,Wikipedia,,,,Public Doman,Retrieved from Wikipedia,Image;StillImage,image/jpeg,,,,image,https://upload.wikimedia.org/wikipedia/commons/d/d3/Almack%27s_Assembly_Rooms.jpg,https://upload.wikimedia.org/wikipedia/commons/d/d3/Almack%27s_Assembly_Rooms.jpg,https://upload.wikimedia.org/wikipedia/commons/d/d3/Almack%27s_Assembly_Rooms.jpg,,
dor019,,The Athenaeum Club,1830,yes,James Tingle; Thomas Hosmer Shepherd,,The Athenaeum Club in London in 1830. Engraved by James Tingle (1801-1858) from an original study (now in the Museum of London) by Thomas Hosmer Shepherd,,location,London,,,,Wikipedia,,,,Public Doman,Retrieved from Wikipedia,Image;StillImage,image/jpeg,,,,image,https://upload.wikimedia.org/wikipedia/commons/a/ae/Athenaeum_in_1830.jpg,https://upload.wikimedia.org/wikipedia/commons/a/ae/Athenaeum_in_1830.jpg,https://upload.wikimedia.org/wikipedia/commons/a/ae/Athenaeum_in_1830.jpg,,
dor020,,Les Cent Nouvelles,1899,,Antoine de la Salle; Robert B. Douglas,,Le Cent Nouvelles was a collection of short stories in French about the French bourgeoisée,,allusion,Paris,,,,Project Gutenberg,,,,Public Doman,Retrieved from Project Gutenberg,Text,,,,,record,https://www.gutenberg.org/files/18575/18575-h/18575-h.htm,https://www.gutenberg.org/files/18575/18575-h/images/titlepage.jpg,https://www.gutenberg.org/files/18575/18575-h/images/titlepage.jpg,,
dor021,,Manon Lescaut,1731,,Antoine François Prévost,,Manon Lescaut is a French tragic Romance novel that tells the story of a nobleman falling in love with a common woman.,,allusion,Amsterdam,,,,Project Gutenberg,,,,Public Doman,Retrieved from Project Gutenberg,Text,,,,,record,https://www.gutenberg.org/files/468/468-h/468-h.htm,https://upload.wikimedia.org/wikipedia/commons/2/23/Histoire_du_Chevalier_des_Grieux%2C_et_de_Manon_Lescaut.jpg,https://upload.wikimedia.org/wikipedia/commons/2/23/Histoire_du_Chevalier_des_Grieux%2C_et_de_Manon_Lescaut.jpg,,
dor022,,Lohengrin,August 1850,,"Richard Wagner; Netherlands Philharmonic Orchestra",,Lohengrin is an opera written by Wagner first performed in August 1850.,,allusion,Weimar,,,,YouTube,Netherlands Philharmonic Orchestra,,,"Composition in public domain, video in Copyright",Retrieved from YouTube,Image;MovingImage,video/mp4,,,,video,https://www.youtube.com/watch?v=spBiymIceIY,https://upload.wikimedia.org/wikipedia/commons/0/06/Lohengrin_1885.jpg?,https://upload.wikimedia.org/wikipedia/commons/0/06/Lohengrin_1885.jpg?,,
dor023,,Wardour Street,January 2006,,Redvers,,"Film House at 142 Wardour Street, formerly the headquarters of the Associated British-Pathé film company",,location,London,51.51419,-0.13456,,Wikipedia,,,,Public Doman,Found on Wikipedia,Image;StillImage,image/jpeg,,,,image,https://upload.wikimedia.org/wikipedia/commons/d/dd/Film_House_142_Wardour_Street_London_Redvers.jpg,https://upload.wikimedia.org/wikipedia/commons/d/dd/Film_House_142_Wardour_Street_London_Redvers.jpg,https://upload.wikimedia.org/wikipedia/commons/d/dd/Film_House_142_Wardour_Street_London_Redvers.jpg,,
dor024,,Piccadilly,1810,,Ackermann,,"A view of Piccadilly from Hyde Park Corner in London, from Ackermann's Repository, 1810.",,location,London,51.50698,-0.14235,,Wikipedia,Ackerman's Repository,,,Public Doman,Found on Wikipedia,Image;StillImage,image/jpeg,,,,image,https://upload.wikimedia.org/wikipedia/commons/0/0a/Piccadilly_from_Hyde_Park_Corner_Turnpike%2C_from_Ackermann%27s_Repository%2C_1810.jpg,https://upload.wikimedia.org/wikipedia/commons/0/0a/Piccadilly_from_Hyde_Park_Corner_Turnpike%2C_from_Ackermann%27s_Repository%2C_1810.jpg,https://upload.wikimedia.org/wikipedia/commons/0/0a/Piccadilly_from_Hyde_Park_Corner_Turnpike%2C_from_Ackermann%27s_Repository%2C_1810.jpg,,
dor025,,The Idiot Boy,1789,,William Wordsworth,,The Idiot Boy is a long poem first published in Wordsworth's Lyrical Ballads.,,allusion,United Kingdom,,,,Project Gutenberg,,,,Public Doman,Retrieved from Project Gutenberg,Text,,,,,record,https://www.gutenberg.org/files/9622/9622-h/9622-h.htm#poem16,,,,
dor026,,Juliet,1888,yes,"Philip Hermogenes Calderon; William Shakespeare",,Juliet Capulet is the heroine of Shakespeare's Romeo and Juliet. She and Romeo are starcrossed lovers from fueding families,,allusion,United Kingdom,,,,Wikipedia,The Athenaeum,,,Public Doman,Found on Wikipedia,Image;StillImage,image/jpeg,,,,image,https://upload.wikimedia.org/wikipedia/commons/4/43/Juliet_-_Philip_H._Calderon.jpg,https://upload.wikimedia.org/wikipedia/commons/4/43/Juliet_-_Philip_H._Calderon.jpg,https://upload.wikimedia.org/wikipedia/commons/4/43/Juliet_-_Philip_H._Calderon.jpg,,
dor027,,Rosalind,1916,yes,James Sant; William Shakespeare,,"Rosalind is the heroine of Shakespeare's As You Like it, one of his comedies. She disguises herself as a male shepherd in the play.",,allusion,United Kingdom,,,,Wikipedia,The Tate,,,Public Doman,Found on Wikipedia,Image;StillImage,image/jpeg,,,,image,https://upload.wikimedia.org/wikipedia/commons/f/f9/James_Sant_-_Rosalind.jpg,https://upload.wikimedia.org/wikipedia/commons/f/f9/James_Sant_-_Rosalind.jpg,https://upload.wikimedia.org/wikipedia/commons/f/f9/James_Sant_-_Rosalind.jpg,,
dor028,,Imogen,1888,,Herbert Gustave Schmalz; William Shakespeare,,"Imogen is the daughter of King Cymbeline in Shakespeare's play, Cymbeline. ",,allusion,United Kingdom,,,,Wikipedia,,,,Public Doman,Found on Wikipedia,Image;StillImage,image/jpeg,,,,image,https://upload.wikimedia.org/wikipedia/commons/9/95/Imogen_-_Herbert_Gustave_Schmalz.jpg,https://upload.wikimedia.org/wikipedia/commons/9/95/Imogen_-_Herbert_Gustave_Schmalz.jpg,https://upload.wikimedia.org/wikipedia/commons/9/95/Imogen_-_Herbert_Gustave_Schmalz.jpg,,
dor029,,Ophelia,1894,,John William Waterhouse; William Shakespeare,,"Ophelia is the famous tragic heroine of Shakespeare's Hamlet. Her soon to be husband, Hamlet's actions, drive her mad and she drowns herself in the river.",,allusion,United Kingdom,,,,Wikipedia,,,,Public Doman,Found on Wikipedia,Image;StillImage,image/jpeg,,,,image,https://upload.wikimedia.org/wikipedia/commons/thumb/4/41/John_William_Waterhouse_-_Ophelia_%281894%29.jpg/1280px-John_William_Waterhouse_-_Ophelia_%281894%29.jpg,https://upload.wikimedia.org/wikipedia/commons/thumb/4/41/John_William_Waterhouse_-_Ophelia_%281894%29.jpg/1280px-John_William_Waterhouse_-_Ophelia_%281894%29.jpg,https://upload.wikimedia.org/wikipedia/commons/thumb/4/41/John_William_Waterhouse_-_Ophelia_%281894%29.jpg/1280px-John_William_Waterhouse_-_Ophelia_%281894%29.jpg,,
dor030,,Desdemona,1871,,Alexandre Cabanel; William Shakespeare,,Desdemona is the wife of Othello in Shakespeare's tragedy. She is killed by her husband in a fit of jealous rage.,,allusion,United Kingdom,,,,Wikipedia,,,,Public Doman,Found on Wikipedia,Image;StillImage,image/jpeg,,,,image,https://upload.wikimedia.org/wikipedia/commons/4/4a/DESD%C3%89MONE_%29.jpg,https://upload.wikimedia.org/wikipedia/commons/4/4a/DESD%C3%89MONE_%29.jpg,https://upload.wikimedia.org/wikipedia/commons/4/4a/DESD%C3%89MONE_%29.jpg,,
dor031,,Euston Road,,,Wellcome Collection,,"View of Euston Road, looking west.",,location,London,51.5275,-0.131389,,Wikipedia,Wellcome Trust,,,Creative Commons Attribution 4.0,Found on Wikipedia,Image;StillImage,image/jpeg,,,,image,https://upload.wikimedia.org/wikipedia/commons/thumb/5/51/View_of_Euston_Road_Wellcome_M0020273.jpg/3840px-View_of_Euston_Road_Wellcome_M0020273.jpg,https://upload.wikimedia.org/wikipedia/commons/thumb/5/51/View_of_Euston_Road_Wellcome_M0020273.jpg/3840px-View_of_Euston_Road_Wellcome_M0020273.jpg,https://upload.wikimedia.org/wikipedia/commons/thumb/5/51/View_of_Euston_Road_Wellcome_M0020273.jpg/3840px-View_of_Euston_Road_Wellcome_M0020273.jpg,,
dor032,,Wellington Monument,1822; 2005,,Richard Westmacott; Andrew Dunn,,"The Wellington Monument at Hyde Park Corner, London. The sculpture is of the warrior, Achilles",,location,London,51.5045,-0.1527,,Wikipedia,,,,Creative Commons Attribution-Share Alike 2.0 Generic,Found on Wikipedia,Image;StillImage,image/jpeg,,,,image,https://upload.wikimedia.org/wikipedia/commons/1/19/Richard_Westmacott_-_Wellington_Monument_1822_-_Achilles.jpg?,https://upload.wikimedia.org/wikipedia/commons/1/19/Richard_Westmacott_-_Wellington_Monument_1822_-_Achilles.jpg?,https://upload.wikimedia.org/wikipedia/commons/1/19/Richard_Westmacott_-_Wellington_Monument_1822_-_Achilles.jpg?,,
dor033,,Marble Arch,1851,,Robert S Groom,,View of the Arch in 1851 as the ceremonial north entrance to Hyde Park,,location,London,51.51317,-0.15888,,Wikipedia,British Museum,,,Public Doman,Found on Wikipedia,Image;StillImage,image/jpeg,,,,image,https://upload.wikimedia.org/wikipedia/commons/b/b7/The_Marble_Arch_%28BM_1880%2C1113.4581%29.jpg?,https://upload.wikimedia.org/wikipedia/commons/b/b7/The_Marble_Arch_%28BM_1880%2C1113.4581%29.jpg?,https://upload.wikimedia.org/wikipedia/commons/b/b7/The_Marble_Arch_%28BM_1880%2C1113.4581%29.jpg?,,
dor034,,Messalina,45 CE; 2019,,Marie-Lan Nguyen,,"Statue of Messalina holding her son Britannicus, at the Louvre, ca 45 CE",,allusion,Paris,,,,Wikipedia,The Louvre,,,Creative Commons Attribution 4.0 International,Found on Wikipedia,Image;StillImage,image/jpeg,,,,image,https://upload.wikimedia.org/wikipedia/commons/a/a2/Messalina_from_Rome_Louvre_Ma1224_n3.jpg?,https://upload.wikimedia.org/wikipedia/commons/a/a2/Messalina_from_Rome_Louvre_Ma1224_n3.jpg?,https://upload.wikimedia.org/wikipedia/commons/a/a2/Messalina_from_Rome_Louvre_Ma1224_n3.jpg?,,
dor035,,Rupert Street,May 2026,,APK,,"Rupert Street Bar at 50 Rupert Street in Soho, London.",,location,London,,,,Wikipedia,,,,Creative Commons Attribution 4.0 International,Found on Wikipedia,Image;StillImage,image/jpeg,,,,image,https://upload.wikimedia.org/wikipedia/commons/thumb/c/cc/50_Rupert_Street%2C_Soho%2C_London.jpg/1920px-50_Rupert_Street%2C_Soho%2C_London.jpg?,https://upload.wikimedia.org/wikipedia/commons/thumb/c/cc/50_Rupert_Street%2C_Soho%2C_London.jpg/1920px-50_Rupert_Street%2C_Soho%2C_London.jpg?,https://upload.wikimedia.org/wikipedia/commons/thumb/c/cc/50_Rupert_Street%2C_Soho%2C_London.jpg/1920px-50_Rupert_Street%2C_Soho%2C_London.jpg?,,
dor036,,Tanagra Figurine,2007,,Marie-Lan Nguyen,,"""Lady in blue"", molded and gilded terracotta figurine, Louvre, Paris",,allusion,Paris,,,,Wikipedia,The Louvre,,,Creative Commons Attribution 4.0 International,Found on Wikipedia,Image;StillImage,image/jpeg,,,,image,https://upload.wikimedia.org/wikipedia/commons/thumb/3/3e/Lady_in_blue_Louvre_MNB907.jpg/960px-Lady_in_blue_Louvre_MNB907.jpg,https://upload.wikimedia.org/wikipedia/commons/thumb/3/3e/Lady_in_blue_Louvre_MNB907.jpg/960px-Lady_in_blue_Louvre_MNB907.jpg,https://upload.wikimedia.org/wikipedia/commons/thumb/3/3e/Lady_in_blue_Louvre_MNB907.jpg/960px-Lady_in_blue_Louvre_MNB907.jpg,,
dor037,,Romeo and Juliet,1597,yes,William Shakespeare,,Romeo and Juliet is one of Shakespeare's most popular tragedies. It tells the story of two young lovers from feuding families.,,allusion,United Kingdom,,,,Project Gutenberg,,,,Public Doman,Retrieved from Project Gutenberg,Text,,,,,record,https://www.gutenberg.org/cache/epub/1513/pg1513-images.html,,,,
dor038,,Portia,1886,,John Everett Millais; William Shakespeare,,"Portia, a wealthy Venetian heiress, is the heroine of Shakespeare's The Merchant of Venice. ",,allusion,United Kingdom,,,,Wikipedia,The Metropolitan Museum of Art,,,Public Doman,Found on Wikipedia,Image;StillImage,image/jpeg,,,,image,https://upload.wikimedia.org/wikipedia/commons/thumb/9/9d/Millais_-_Portia.jpg/1280px-Millais_-_Portia.jpg?,https://upload.wikimedia.org/wikipedia/commons/thumb/9/9d/Millais_-_Portia.jpg/1280px-Millais_-_Portia.jpg?,https://upload.wikimedia.org/wikipedia/commons/thumb/9/9d/Millais_-_Portia.jpg/1280px-Millais_-_Portia.jpg?,,
dor039,,Beatrice,1795,,Alessandro Zaffonato; William Shakespeare,,Beatrice is the heroine of Shakespeare's Much Ado About Nothing. She is strong-willed and sharp-witted.,,allusion,United Kingdom,,,,Wikipedia,,,,Public Doman,Found on Wikipedia,Image;StillImage,image/jpeg,,,,image,https://upload.wikimedia.org/wikipedia/commons/thumb/d/d7/Beatrice%2C_in_Shakespeare%27s_Much_ado_about_nothing._Wellcome_L0074557.jpg/1920px-Beatrice%2C_in_Shakespeare%27s_Much_ado_about_nothing._Wellcome_L0074557.jpg?,https://upload.wikimedia.org/wikipedia/commons/thumb/d/d7/Beatrice%2C_in_Shakespeare%27s_Much_ado_about_nothing._Wellcome_L0074557.jpg/1920px-Beatrice%2C_in_Shakespeare%27s_Much_ado_about_nothing._Wellcome_L0074557.jpg?,https://upload.wikimedia.org/wikipedia/commons/thumb/d/d7/Beatrice%2C_in_Shakespeare%27s_Much_ado_about_nothing._Wellcome_L0074557.jpg/1920px-Beatrice%2C_in_Shakespeare%27s_Much_ado_about_nothing._Wellcome_L0074557.jpg?,,
dor040,,Cordelia,1888,,William Frederick Yeames; William Shakespeare,,"Cordelia is the heroine of Shakespeare's tragedy, King Lear. She is the youngest daughter of King Lear and the only one to remain loyal to him.",,allusion,United Kingdom,,,,Wikipedia,,,,Public Doman,Found on Wikipedia,Image;StillImage,image/jpeg,,,,image,https://upload.wikimedia.org/wikipedia/commons/3/39/Cordelia_-_William_Frederick_Yeames.jpg?,https://upload.wikimedia.org/wikipedia/commons/3/39/Cordelia_-_William_Frederick_Yeames.jpg?,https://upload.wikimedia.org/wikipedia/commons/3/39/Cordelia_-_William_Frederick_Yeames.jpg?,,
dor041,,Covent Garden,1737,,Balthazar Nebot,,Balthazar Nebot's 1737 painting of the square before the 1830 market hall was constructed,,location,London,51.5125,-0.1225,,Wikipedia,The Tate,,,Public Doman,Found on Wikipedia,Image;StillImage,image/jpeg,,,,image,https://upload.wikimedia.org/wikipedia/commons/2/20/Nebot_covent_garden_market_clean.jpg,https://upload.wikimedia.org/wikipedia/commons/2/20/Nebot_covent_garden_market_clean.jpg,https://upload.wikimedia.org/wikipedia/commons/2/20/Nebot_covent_garden_market_clean.jpg,,
dor042,,Jermyn Street,May 2026,,Aethonatic,,Jermyn Street in London.,,location,London,51.508619,-0.136264,,Wikipedia,,,,Public Doman,Found on Wikipedia,Image;StillImage,image/jpeg,,,,image,https://upload.wikimedia.org/wikipedia/commons/a/ae/Jermyn_Street_%283%29_-_17_May_2026.jpg?,https://upload.wikimedia.org/wikipedia/commons/a/ae/Jermyn_Street_%283%29_-_17_May_2026.jpg??,https://upload.wikimedia.org/wikipedia/commons/a/ae/Jermyn_Street_%283%29_-_17_May_2026.jpg??,,
dor043,,John Webster,,,,,"John Webster was a Jacobean dramatist known for his plays, the Duchess of Malfi and The White Devil. His plays were dark and complex, even for their time.",,allusion,United Kingdom,,,,Wikipedia,,,,,,,,,,,record,,,,,
dor044,,John Ford,,,,,John Ford was a  playwright and poet in the Jacobean era. His works often surrounded topics like morality and passion.,,allusion,United Kingdom,,,,Wikipedia,,,,,,,,,,,record,,,,,
dor045,,Cyril Tourneur,,,,,"Cyril Tourneur was a Jacobean poet and playwright best known for his play, The Atheist's Tragedy",,allusion,United Kingdom,,,,Wikipedia,,,,,,,,,,,record,,,,,
dor046,,Théophile Gautier,1856,yes,Nadar,,"Théophile Gautier was a French poet, writer, and literary critic.",,allusion,France,,,,Wikipedia,The Metropolitan Museum of Art,,,Public Doman,Found on Wikipedia,Image;StillImage,image/jpeg,,,,image,https://upload.wikimedia.org/wikipedia/commons/b/bd/Th%C3%A9ophile_Gautier_by_Nadar_c1856-1.jpg??,https://upload.wikimedia.org/wikipedia/commons/b/bd/Th%C3%A9ophile_Gautier_by_Nadar_c1856-1.jpg?,https://upload.wikimedia.org/wikipedia/commons/b/bd/Th%C3%A9ophile_Gautier_by_Nadar_c1856-1.jpg?,,
dor047,,Paris,1788,,Jacques-Louis David,,"The Love of Helen and Paris by Jacques-Louis David (oil on canvas, 1788, Louvre, Paris)",,allusion,Paris,,,,Wikipedia,The Louvre,,,Public Doman,Found on Wikipedia,Image;StillImage,image/jpeg,,,,image,https://upload.wikimedia.org/wikipedia/commons/thumb/c/c2/Les_Amours_de_P%C3%A2ris_et_d%27H%C3%A9l%C3%A8ne_%28painting_by_Jacques-Louis_David%29.jpg/1920px-Les_Amours_de_P%C3%A2ris_et_d%27H%C3%A9l%C3%A8ne_%28painting_by_Jacques-Louis_David%29.jpg,https://upload.wikimedia.org/wikipedia/commons/thumb/c/c2/Les_Amours_de_P%C3%A2ris_et_d%27H%C3%A9l%C3%A8ne_%28painting_by_Jacques-Louis_David%29.jpg/1920px-Les_Amours_de_P%C3%A2ris_et_d%27H%C3%A9l%C3%A8ne_%28painting_by_Jacques-Louis_David%29.jpg,https://upload.wikimedia.org/wikipedia/commons/thumb/c/c2/Les_Amours_de_P%C3%A2ris_et_d%27H%C3%A9l%C3%A8ne_%28painting_by_Jacques-Louis_David%29.jpg/1920px-Les_Amours_de_P%C3%A2ris_et_d%27H%C3%A9l%C3%A8ne_%28painting_by_Jacques-Louis_David%29.jpg,,
dor048,,Adonis,410 BC,yes,,,"Attic red-figure aryballos painting by Aison (c. 410 BC) showing Adonis consorting with Aphrodite",,allusion,Paris,,,,Wikipedia,The Louvre,,,Public Doman,Found on Wikipedia,Image;StillImage,image/jpeg,,,,image,https://upload.wikimedia.org/wikipedia/commons/f/f6/Aphrodite_Adonis_Louvre_MNB2109.jpg?,https://upload.wikimedia.org/wikipedia/commons/f/f6/Aphrodite_Adonis_Louvre_MNB2109.jpg?,https://upload.wikimedia.org/wikipedia/commons/f/f6/Aphrodite_Adonis_Louvre_MNB2109.jpg?,,
dor049,,Michelangelo,1545,yes,Daniele da Volterra,,"Portrait of Michelangelo, the Italian Renaissance artist.",,allusion,Florence,,,,Wikipedia,The Metropolitan Museum of Art,,,Public Doman,Found on Wikipedia,Image;StillImage,image/jpeg,,,,image,https://upload.wikimedia.org/wikipedia/commons/thumb/0/02/Michelangelo_Daniele_da_Volterra_%28dettaglio%29.jpg/960px-Michelangelo_Daniele_da_Volterra_%28dettaglio%29.jpg,https://upload.wikimedia.org/wikipedia/commons/thumb/0/02/Michelangelo_Daniele_da_Volterra_%28dettaglio%29.jpg/960px-Michelangelo_Daniele_da_Volterra_%28dettaglio%29.jpg,https://upload.wikimedia.org/wikipedia/commons/thumb/0/02/Michelangelo_Daniele_da_Volterra_%28dettaglio%29.jpg/960px-Michelangelo_Daniele_da_Volterra_%28dettaglio%29.jpg,,
dor050,,Michel de Montaigne,1570,yes,,,"Portrait of Michel de Montaigne, a writer of the French Renaissance",,allusion,Guyenne,,,,Wikipedia,,,,Public Doman,Found on Wikipedia,Image;StillImage,image/jpeg,,,,image,https://upload.wikimedia.org/wikipedia/commons/5/5a/Portrait_of_Michel_de_Montaigne%2C_circa_unknown.jpg?,https://upload.wikimedia.org/wikipedia/commons/5/5a/Portrait_of_Michel_de_Montaigne%2C_circa_unknown.jpg?,https://upload.wikimedia.org/wikipedia/commons/5/5a/Portrait_of_Michel_de_Montaigne%2C_circa_unknown.jpg?,,
dor051,,William Shakespeare,1611,yes,John Taylor,,"The Chandos portrait, likely depicting Shakespeare. There is no record of Shakespeare having ever sat for a portrait. However, there are several portraits, including this one that are likely depictions of the writer and actor.",,allusion,London,,,,Wikipedia,The National Portrait Gallery,,,Public Doman,Found on Wikipedia,Image;StillImage,image/jpeg,,,,image,https://upload.wikimedia.org/wikipedia/commons/thumb/2/21/William_Shakespeare_by_John_Taylor%2C_edited.jpg/1920px-William_Shakespeare_by_John_Taylor%2C_edited.jpg?,https://upload.wikimedia.org/wikipedia/commons/thumb/2/21/William_Shakespeare_by_John_Taylor%2C_edited.jpg/1920px-William_Shakespeare_by_John_Taylor%2C_edited.jpg?,https://upload.wikimedia.org/wikipedia/commons/thumb/2/21/William_Shakespeare_by_John_Taylor%2C_edited.jpg/1920px-William_Shakespeare_by_John_Taylor%2C_edited.jpg?,,
dor052,,Johann Joachim Winckelmann,1777,yes,Anton Raphael Mengs ,,"Portrait of Johann Joachim Winckelmann, a German art historian and archaeologist.",,allusion,Florence,,,,Wikipedia,The Metropolitan Museum of Art,,,Public Doman,Found on Wikipedia,Image;StillImage,image/jpeg,,,,image,https://upload.wikimedia.org/wikipedia/commons/thumb/d/d5/Johann_Joachim_Winckelmann_%28Raphael_Mengs_after_1755%29.jpg/1920px-Johann_Joachim_Winckelmann_%28Raphael_Mengs_after_1755%29.jpg?,https://upload.wikimedia.org/wikipedia/commons/thumb/d/d5/Johann_Joachim_Winckelmann_%28Raphael_Mengs_after_1755%29.jpg/1920px-Johann_Joachim_Winckelmann_%28Raphael_Mengs_after_1755%29.jpg?,https://upload.wikimedia.org/wikipedia/commons/thumb/d/d5/Johann_Joachim_Winckelmann_%28Raphael_Mengs_after_1755%29.jpg/1920px-Johann_Joachim_Winckelmann_%28Raphael_Mengs_after_1755%29.jpg?,,
dor053,,South Audley Street,June 1820,,Robert Cruikshank,,A late Arrival at Mother Wood's ,,location,London,51.508611,-0.151389,,Wikipedia,National Gallery of London,,,Public Doman,Found on Wikipedia,Image;StillImage,image/jpeg,,,,image,https://upload.wikimedia.org/wikipedia/commons/b/b6/A_late_Arrival_at_Mother_Wood%27s_%28Sir_Matthew_Wood%2C_1st_Bt%3B_Caroline_Amelia_Elizabeth_of_Brunswick%29_by_%28Isaac%29_Robert_Cruikshank.jpg?,https://upload.wikimedia.org/wikipedia/commons/b/b6/A_late_Arrival_at_Mother_Wood%27s_%28Sir_Matthew_Wood%2C_1st_Bt%3B_Caroline_Amelia_Elizabeth_of_Brunswick%29_by_%28Isaac%29_Robert_Cruikshank.jpg?,https://upload.wikimedia.org/wikipedia/commons/b/b6/A_late_Arrival_at_Mother_Wood%27s_%28Sir_Matthew_Wood%2C_1st_Bt%3B_Caroline_Amelia_Elizabeth_of_Brunswick%29_by_%28Isaac%29_Robert_Cruikshank.jpg?,,
dor054,,Fonthill,1823,, T. Higham; Z. Martin,,"A view of the north and west fronts of Fonthill Abbey",,location,Wiltshire,51.078139,-2.118139,,Wikipedia,Delineations of Fonthill and its Abbey,,,Public Doman,Found on Wikipedia,Image;StillImage,image/jpeg,,,,image,https://upload.wikimedia.org/wikipedia/commons/5/54/Fonthill_-_plate_11.jpg?,https://upload.wikimedia.org/wikipedia/commons/5/54/Fonthill_-_plate_11.jpg?,https://upload.wikimedia.org/wikipedia/commons/5/54/Fonthill_-_plate_11.jpg?,,
dor055,,"Holborn Theatre",June 1867,,,,The New Royal Amphitheatre in The Illustrated London News (June 1867) showing the equestrian ring with the small stage behind,,location,London,51.5179,-0.1178,,Wikipedia,The Illustrated London News ,,,Public Doman,Found on Wikipedia,Image;StillImage,image/jpeg,,,,image,https://upload.wikimedia.org/wikipedia/commons/c/c0/Royal_Amphitheatre_ILN_1867.jpg?,https://upload.wikimedia.org/wikipedia/commons/c/c0/Royal_Amphitheatre_ILN_1867.jpg?,https://upload.wikimedia.org/wikipedia/commons/c/c0/Royal_Amphitheatre_ILN_1867.jpg?,,
dor056,,À Rebours,1884,,J.-K. Huysmans,,"À Rebours was a major source of inspiration for Oscar Wilde. Translated to ""Against Nature,"" the novel follows an eccentric aristocrat who retreats into an insular artistic world. It has no plot in the traditional sense, but was taken up by the asthetes of the time.",,allusion,France,,,,Project Gutenberg,,,,Public Doman,Retrieved from Project Gutenberg,Text,,,,,image,https://www.gutenberg.org/files/56149/56149-h/images/cover.jpg,https://www.gutenberg.org/files/56149/56149-h/images/cover.jpg,https://www.gutenberg.org/files/56149/56149-h/images/cover.jpg,,
dor057,,Hoxton,1825,yes,J. Ralph,,"Haberdashers' Alms Houses, as rebuilt by D. R. Roper in 1825.",,location,London,51.534,-0.085,,Wikipedia,Wellcome Trust,,,Creative Commons Attribution 4.0,Found on Wikipedia,Image;StillImage,image/jpeg,,,,image,https://upload.wikimedia.org/wikipedia/commons/6/6e/Haberdasher%27s_Almshouse_%28Aske%27s_Hospital%29%2C_Hoxton%2C_London._E_Wellcome_V0014746.jpg?,https://upload.wikimedia.org/wikipedia/commons/6/6e/Haberdasher%27s_Almshouse_%28Aske%27s_Hospital%29%2C_Hoxton%2C_London._E_Wellcome_V0014746.jpg?,https://upload.wikimedia.org/wikipedia/commons/6/6e/Haberdasher%27s_Almshouse_%28Aske%27s_Hospital%29%2C_Hoxton%2C_London._E_Wellcome_V0014746.jpg?,,
dor058,,Symbolism,1895,,Carlos Schwabe,,"Symbolism was a late 19th century art movement. Major figures include Charles Baudelaire, Stéphane Mallarmé, and Paul Verlaine. The art depicted is The Death of the Grave Digger by Carlos Schwabe, a work highly saturated with symbols.",,allusion,France,,,,Wikipedia,,,,Public Doman,Found on Wikipedia,Image;StillImage,image/jpeg,,,,image,https://upload.wikimedia.org/wikipedia/commons/3/30/The_Death_of_the_Grave_Digger.jpg?,https://upload.wikimedia.org/wikipedia/commons/3/30/The_Death_of_the_Grave_Digger.jpg?,https://upload.wikimedia.org/wikipedia/commons/3/30/The_Death_of_the_Grave_Digger.jpg?,,
dor059,,Dante's Inferno,,,Dante Alighieri,,First page of an early printed edition of Dante's Divine Comedy.,,allusion,Italy,,,,Wikipedia,,,,Public Doman,Found on Wikipedia,Image;StillImage,image/jpeg,,,,image,https://upload.wikimedia.org/wikipedia/commons/f/f0/Inferno.jpg?,https://upload.wikimedia.org/wikipedia/commons/f/f0/Inferno.jpg?,https://upload.wikimedia.org/wikipedia/commons/f/f0/Inferno.jpg?,,
dor060,,Mayfair,1787,,T. Malton,,"Looking towards St George Hanover Square from St George Street, 1787",,location,London,51.51,-0.147,,Wikipedia,British Library,,,Public Doman,Found on Wikipedia,Image;StillImage,image/jpeg,,,,image,https://upload.wikimedia.org/wikipedia/commons/thumb/2/20/St_George%27s_Hanover_Square_by_T_Malton._1787.jpg/3840px-St_George%27s_Hanover_Square_by_T_Malton._1787.jpg?,https://upload.wikimedia.org/wikipedia/commons/thumb/2/20/St_George%27s_Hanover_Square_by_T_Malton._1787.jpg/3840px-St_George%27s_Hanover_Square_by_T_Malton._1787.jpg?,https://upload.wikimedia.org/wikipedia/commons/thumb/2/20/St_George%27s_Hanover_Square_by_T_Malton._1787.jpg/3840px-St_George%27s_Hanover_Square_by_T_Malton._1787.jpg?,,
dor061,,Pall Mall,1799,,Richard Horwood,,Pall Mall and St James's Square shown in Richard Horwood's map of 1799,,location,London,51.5077,-0.13,,Wikipedia,,,,Public Doman,Found on Wikipedia,Image;StillImage,image/jpeg,,,,image,https://upload.wikimedia.org/wikipedia/commons/3/31/St_James%27s_Square_1799.jpg?,https://upload.wikimedia.org/wikipedia/commons/3/31/St_James%27s_Square_1799.jpg?,https://upload.wikimedia.org/wikipedia/commons/3/31/St_James%27s_Square_1799.jpg?,,
dor062,,Satyricon,100,yes,Petronius,,The Satyricon is a famous satirical work of fiction from the early Roman Empire.,,allusion,Rome,,,,Wikipedia,,,,Public Doman,Found on Wikipedia,Image;StillImage,image/jpeg,,,,image,https://upload.wikimedia.org/wikipedia/commons/0/0b/Norman_Lindsay_Satyricon_p090.jpg?,https://upload.wikimedia.org/wikipedia/commons/0/0b/Norman_Lindsay_Satyricon_p090.jpg?,https://upload.wikimedia.org/wikipedia/commons/0/0b/Norman_Lindsay_Satyricon_p090.jpg?,,
dor063,,Petronius,1900,yes,Piotr Stachiewicz,,The Death of Petronius,,allusion,Krakow,,,,Wikipedia,,,,Public Doman,Found on Wikipedia,Image;StillImage,image/jpeg,,,,image,https://upload.wikimedia.org/wikipedia/commons/b/b5/Piotr_Stachiewicz_-_%C5%9Amier%C4%87_Petroniusza.jpg?,https://upload.wikimedia.org/wikipedia/commons/b/b5/Piotr_Stachiewicz_-_%C5%9Amier%C4%87_Petroniusza.jpg?,https://upload.wikimedia.org/wikipedia/commons/b/b5/Piotr_Stachiewicz_-_%C5%9Amier%C4%87_Petroniusza.jpg?,,
dor064,,Panis Cælestis,1570,yes,Adriaen Collaert,,"Thomas Aquinas, dressed in the Dominican habit, stands on a fountain. He has wings, holds a book and a quill in his hand, and a dove whispers God's word into his ear. Around him, monks and cardinals drink from the water of the fountain, symbolizing the inspiring words in Aquinas's writings. Angels in the sky carry a scroll with a Latin inscription and two coats of arms.",,connection,Antwerp,,,,Wikipedia,,,,Public Doman,Found on Wikipedia,Image;StillImage,image/jpeg,,,,image,https://upload.wikimedia.org/wikipedia/commons/thumb/4/4a/Verheerlijking_van_de_Heilige_Thomas_van_Aquino%2C_RP-P-1908-2123.jpg/1920px-Verheerlijking_van_de_Heilige_Thomas_van_Aquino%2C_RP-P-1908-2123.jpg?,https://upload.wikimedia.org/wikipedia/commons/thumb/4/4a/Verheerlijking_van_de_Heilige_Thomas_van_Aquino%2C_RP-P-1908-2123.jpg/1920px-Verheerlijking_van_de_Heilige_Thomas_van_Aquino%2C_RP-P-1908-2123.jpg?,https://upload.wikimedia.org/wikipedia/commons/thumb/4/4a/Verheerlijking_van_de_Heilige_Thomas_van_Aquino%2C_RP-P-1908-2123.jpg/1920px-Verheerlijking_van_de_Heilige_Thomas_van_Aquino%2C_RP-P-1908-2123.jpg?,,
dor065,,The Passion,1633,yes,Matthias Stom,,The Passion is the narrative of the short period of time before Jesus's death which is described in the four canonical gospels. The artwork depicts Jesus being crowned with thorns.,,connection,Naples,,,,Wikipedia,,,,Public Doman,Found on Wikipedia,Image;StillImage,image/jpeg,,,,image,https://upload.wikimedia.org/wikipedia/commons/1/1d/Matthias_Stom_-_Christ_Crowned_with_Thorns.jpg?,,https://upload.wikimedia.org/wikipedia/commons/1/1d/Matthias_Stom_-_Christ_Crowned_with_Thorns.jpg?,,
dor066,,Darwinism,1868,,Julia Margaret Cameron,,Carbon print of a photograph of Charles Darwin,,connection,Britain,,,,Wikipedia,,,,Public Doman,Found on Wikipedia,Image;StillImage,image/jpeg,,,,image,https://upload.wikimedia.org/wikipedia/commons/thumb/3/33/Charles_Darwin_by_Julia_Margaret_Cameron%2C_c._1868.jpg/1920px-Charles_Darwin_by_Julia_Margaret_Cameron%2C_c._1868.jpg,https://upload.wikimedia.org/wikipedia/commons/thumb/3/33/Charles_Darwin_by_Julia_Margaret_Cameron%2C_c._1868.jpg/1920px-Charles_Darwin_by_Julia_Margaret_Cameron%2C_c._1868.jpg,https://upload.wikimedia.org/wikipedia/commons/thumb/3/33/Charles_Darwin_by_Julia_Margaret_Cameron%2C_c._1868.jpg/1920px-Charles_Darwin_by_Julia_Margaret_Cameron%2C_c._1868.jpg,,
dor067,,Franz Schubert,1875,,Wilhelm August Rieder,,"1875 portrait, after an 1825 original",,allusion,Vienna,,,,Wikipedia,,,,Public Doman,Found on Wikipedia,Image;StillImage,image/jpeg,,,,image,https://upload.wikimedia.org/wikipedia/commons/0/0d/Franz_Schubert_by_Wilhelm_August_Rieder_1875.jpg,https://upload.wikimedia.org/wikipedia/commons/0/0d/Franz_Schubert_by_Wilhelm_August_Rieder_1875.jpg,https://upload.wikimedia.org/wikipedia/commons/0/0d/Franz_Schubert_by_Wilhelm_August_Rieder_1875.jpg,,
dor068,,Frédéric Chopin,1849,,Louis-Auguste Bisson,,The younger and better of only two known photographs of Frédéric Chopin,,allusion,France,,,,Wikipedia,,,,Public Doman,Found on Wikipedia,Image;StillImage,image/jpeg,,,,image,https://upload.wikimedia.org/wikipedia/commons/e/e8/Frederic_Chopin_photo.jpeg,https://upload.wikimedia.org/wikipedia/commons/e/e8/Frederic_Chopin_photo.jpeg,https://upload.wikimedia.org/wikipedia/commons/e/e8/Frederic_Chopin_photo.jpeg,,
dor069,,Ludwig van Beethoven,1820,,Joseph Karl Stieler,,Beethoven with the Manuscript of the Missa Solemnis,,,Bonn,,,,Wikipedia,,,,Public Doman,Found on Wikipedia,Image;StillImage,image/jpeg,,,,image,https://upload.wikimedia.org/wikipedia/commons/6/6e/Joseph_Karl_Stieler%27s_Beethoven_mit_dem_Manuskript_der_Missa_solemnis.jpg,https://upload.wikimedia.org/wikipedia/commons/6/6e/Joseph_Karl_Stieler%27s_Beethoven_mit_dem_Manuskript_der_Missa_solemnis.jpg,https://upload.wikimedia.org/wikipedia/commons/6/6e/Joseph_Karl_Stieler%27s_Beethoven_mit_dem_Manuskript_der_Missa_solemnis.jpg,,
dor070,,Tannhauser,1845,,Richard Wagner; Cologne Opera,,"""Second Cologne Opera Gala"" for the German AIDS Foundation. Excerpt of the concert ""Opera Night"" in Cologne, 2005.",,allusion,Cologne,,,,YouTube,Opera in Cologne,,,"Composition in public domain, video in Copyright",Retrieved from YouTube,Image;MovingImage,video/mp4,,,,video,https://www.youtube.com/watch?v=qmlReIXvj7Q,https://upload.wikimedia.org/wikipedia/commons/9/92/Tavola_5%2C_bozzetto_di_Gebr%C3%BCder_Br%C3%BCckner_per_Tannh%C3%A4user_%28s.d.%29_-_Archivio_Storico_Ricordi_ICON011721_-_Restoration%2C_crop.jpg,https://upload.wikimedia.org/wikipedia/commons/9/92/Tavola_5%2C_bozzetto_di_Gebr%C3%BCder_Br%C3%BCckner_per_Tannh%C3%A4user_%28s.d.%29_-_Archivio_Storico_Ricordi_ICON011721_-_Restoration%2C_crop.jpg,,
dor071,,St. Sebastian,1525,yes,Il Sodoma,,"Martyrdom of Saint Sebastian, by Il Sodoma, c. 1525",,connection,Florence,,,,Wikipedia,Galleria degli Uffizi,,,Public Doman,Found on Wikipedia,Image;StillImage,image/jpeg,,,,image,https://upload.wikimedia.org/wikipedia/commons/f/fc/St._Sebastian_by_Sodoma.jpg?,https://upload.wikimedia.org/wikipedia/commons/f/fc/St._Sebastian_by_Sodoma.jpg?,https://upload.wikimedia.org/wikipedia/commons/f/fc/St._Sebastian_by_Sodoma.jpg?,,
dor072,,Alfonso de Ovalle,,,,,"Detalle de un retrato de Alonso de Ovalle (Santiago;27 de julio de 1603 - Lima; mayo de 1651). Cronista chileno, autor de la ""Histórica relación del Reyno de Chile"".",,,Chile,,,,Wikipedia,,,,Public Doman,Found on Wikipedia,Image;StillImage,image/jpeg,,,,image,https://upload.wikimedia.org/wikipedia/commons/f/fa/Alonso_de_Ovalle.jpeg,https://upload.wikimedia.org/wikipedia/commons/f/fa/Alonso_de_Ovalle.jpeg,https://upload.wikimedia.org/wikipedia/commons/f/fa/Alonso_de_Ovalle.jpeg,,
dor073,,Bernal Díaz del Castillo,,,,,Portrait of Bernal Díaz del Castillo,,allusion,Spain,,,,Wikipedia,,,,Public Doman,Found on Wikipedia,Image;StillImage,image/jpeg,,,,image,https://upload.wikimedia.org/wikipedia/commons/6/60/Bernal_D%C3%ADaz_del_Castillo_1119x1258.jpg?,https://upload.wikimedia.org/wikipedia/commons/6/60/Bernal_D%C3%ADaz_del_Castillo_1119x1258.jpg?,https://upload.wikimedia.org/wikipedia/commons/6/60/Bernal_D%C3%ADaz_del_Castillo_1119x1258.jpg?,,
dor074,,Hernan Cortés,1750,,,,"18th-century portrait of Cortés based on the one sent by the conqueror to Paolo Giovio, which has served as a model for many of his representations since the 16th century",,,Spain,,,,Wikipedia,,,,Public Doman,Found on Wikipedia,Image;StillImage,image/jpeg,,,,image,https://upload.wikimedia.org/wikipedia/commons/0/06/Retrato_de_Hern%C3%A1n_Cort%C3%A9s.jpg?,https://upload.wikimedia.org/wikipedia/commons/0/06/Retrato_de_Hern%C3%A1n_Cort%C3%A9s.jpg?,https://upload.wikimedia.org/wikipedia/commons/0/06/Retrato_de_Hern%C3%A1n_Cort%C3%A9s.jpg?,,
dor075,,Anne de Joyeuse,1580,,,,Contemporary portrait of Anne de Joyeuse,,allusion,Paris,,,,Wikipedia,Bibliothèque nationale de France,,,Public Doman,Found on Wikipedia,Image;StillImage,image/jpeg,,,,image,https://upload.wikimedia.org/wikipedia/commons/6/60/Annejoyeuse.jpg?,https://upload.wikimedia.org/wikipedia/commons/6/60/Annejoyeuse.jpg?,https://upload.wikimedia.org/wikipedia/commons/6/60/Annejoyeuse.jpg?,,
dor076,,Clericalis Disciplina,Petrus Alphonsi,,Petrus Alphonsi,,Disciplina clericalis is a collection of 33 fables and tales from the twelfth century.,,allusion,Spain,,,,Internet Archive,,,,Public Doman,Retrieved from Internet Archive,Text,,,,,record,https://archive.org/details/cu31924026493514,,,,
dor077,,Alexander the Great,120 BC,,,,Detail from the Alexander Mosaic (created c. 120–100 BC),,allusion,Pompeii,,,,Wikipedia,,,,Public Doman,Found on Wikipedia,Image;StillImage,image/jpeg,,,,image,https://upload.wikimedia.org/wikipedia/commons/thumb/4/49/Alexander_Mosaic_detail_of_Alexander_the_Great_%283x4_cropped%29.jpg/500px-Alexander_Mosaic_detail_of_Alexander_the_Great_%283x4_cropped%29.jpg,https://upload.wikimedia.org/wikipedia/commons/thumb/4/49/Alexander_Mosaic_detail_of_Alexander_the_Great_%283x4_cropped%29.jpg/500px-Alexander_Mosaic_detail_of_Alexander_the_Great_%283x4_cropped%29.jpg,https://upload.wikimedia.org/wikipedia/commons/thumb/4/49/Alexander_Mosaic_detail_of_Alexander_the_Great_%283x4_cropped%29.jpg/500px-Alexander_Mosaic_detail_of_Alexander_the_Great_%283x4_cropped%29.jpg,,
dor078,,Philostratus,,,,,Philostratus was a Greek sophist of the Roman imperial period.,,allusion,Rome,,,,,,,,,,,,,,,record,,,,,
dor079,,Leonardus Camillus,,,Leonardus Camillus,,"Frontispiece to Leonardi's Lunario",,allusion,Milan,,,,Wikipedia,"Biblioteca europea di informazione e cultura",,,Public Doman,Found on Wikipedia,Image;StillImage,image/jpeg,,,,image,https://upload.wikimedia.org/wikipedia/commons/5/50/Leonardi_-_Lunario_al_modo_de_Italia_calculato_-_118341.jpg?,https://upload.wikimedia.org/wikipedia/commons/5/50/Leonardi_-_Lunario_al_modo_de_Italia_calculato_-_118341.jpg?,https://upload.wikimedia.org/wikipedia/commons/5/50/Leonardi_-_Lunario_al_modo_de_Italia_calculato_-_118341.jpg?,,
dor080,,Democritus,1746,,Charles-Antoine Coypel,,"Charles-Antoine Coypel, Cheerful Democritus, 1746.",,allusion,Paris,,,,Wikipedia,Sotheby's,,,Public Doman,Found on Wikipedia,Image;StillImage,image/jpeg,,,,image,https://upload.wikimedia.org/wikipedia/commons/b/bb/Charles-Antoine_Coypel_-_The_Cheerful_Democritus.jpgg,https://upload.wikimedia.org/wikipedia/commons/b/bb/Charles-Antoine_Coypel_-_The_Cheerful_Democritus.jpg,https://upload.wikimedia.org/wikipedia/commons/b/bb/Charles-Antoine_Coypel_-_The_Cheerful_Democritus.jpg,,
dor081,,Prestor John,1555,yes,Diogo Homem,,"""Preste"" as the Emperor of Ethiopia, enthroned on a map of East Africa. From an atlas by the Portuguese cartographer Diogo Homem for Queen Mary, c. 1555–1559. (British Library)",,allusion,London,,,,Wikipedia,British Library,,,Public Doman,Found on Wikipedia,Image;StillImage,image/jpeg,,,,image,https://upload.wikimedia.org/wikipedia/commons/4/48/Prester_John.jpg,https://upload.wikimedia.org/wikipedia/commons/4/48/Prester_John.jpg,https://upload.wikimedia.org/wikipedia/commons/4/48/Prester_John.jpg,,
dor082,,A Margarite of America,A Margarite of America,,Thomas Lodge,,A Margarite of America was a dark romance written by Thomas Lodge in the sixteenth century,,allusion,,,,,Internet Archive,,,,Public Doman,Retrieved from Internet Archive,Text,,,,,record,https://archive.org/details/bim_early-english-books-1475-1640_a-margarite-of-america_lodge-thomas_1596,,,,
dor083,,The Travels of Marco Polo,1299,yes,Pisa da Rusticiano,,The Travels of Marco Polo was dictated by Polo to Rusticiano and discussed his voyages.,,allusion,Genoa,,,,Project Gutenberg,,,,Public Doman,Retrieved from Project Gutenberg,Text,,,,,record,https://www.gutenberg.org/files/10636/10636-h/10636-h.htm,https://www.gutenberg.org/files/10636/10636-h/images/cover.jpg,https://www.gutenberg.org/files/10636/10636-h/images/cover.jpg,,
dor084,,History of the Wars,565,yes,Procopius,,"History of the Wars is a series of books written by the historian, Procopius, that detail the conflicts between the Byzantines and Sassanid Persia",,allusion,Constantinople,,,,Project Gutenberg,,,,Public Doman,Retrieved from Project Gutenberg,Text,,,,,record,https://www.gutenberg.org/files/16764/16764-h/16764-h.htm,,,,
dor085,,House of Borgia,1893,,John Collier,,"Painting by John Collier, ""A glass of wine with Caesar Borgia"", from left: Cesare Borgia, Lucrezia, Pope Alexander, and a young man holding an empty glass. The painting represents the popular view of the treacherous nature of the Borgias – the implication being that the young man cannot be sure that the wine is not poisoned.",,allusion,Paddington,,,,Wikipedia,,,,Public Doman,Found on Wikipedia,Image;StillImage,compound_object,,,,compound_object,https://upload.wikimedia.org/wikipedia/commons/thumb/b/b0/A_Glass_of_Wine_with_Caesar_Borgia_-_John_Collier.jpg/500px-A_Glass_of_Wine_with_Caesar_Borgia_-_John_Collier.jpg?,https://upload.wikimedia.org/wikipedia/commons/thumb/b/b0/A_Glass_of_Wine_with_Caesar_Borgia_-_John_Collier.jpg/500px-A_Glass_of_Wine_with_Caesar_Borgia_-_John_Collier.jpg?,https://upload.wikimedia.org/wikipedia/commons/thumb/b/b0/A_Glass_of_Wine_with_Caesar_Borgia_-_John_Collier.jpg/500px-A_Glass_of_Wine_with_Caesar_Borgia_-_John_Collier.jpg?,,
dor085a,dor085,Cesare Borgia,1500,yes,Bartolomeo Veneto,,"Profile portrait of Cesare Borgia in the Palazzo Venezia in Rome, c. 1500–1510",,allusion,Rome,,,,Wikipedia,,,,Public Doman,Found on Wikipedia,Image;StillImage,image/jpeg,,,,image,https://upload.wikimedia.org/wikipedia/commons/thumb/8/87/Cesare_Borgia%2C_Duke_of_Valentinois.jpg/1920px-Cesare_Borgia%2C_Duke_of_Valentinois.jpg,https://upload.wikimedia.org/wikipedia/commons/thumb/8/87/Cesare_Borgia%2C_Duke_of_Valentinois.jpg/1920px-Cesare_Borgia%2C_Duke_of_Valentinois.jpg,https://upload.wikimedia.org/wikipedia/commons/thumb/8/87/Cesare_Borgia%2C_Duke_of_Valentinois.jpg/1920px-Cesare_Borgia%2C_Duke_of_Valentinois.jpg,,
dor085b,dor085,Pope Alexander VI,1495,,Pedro Berruguete,,"Portrait attributed to Pedro Berruguete (c. 1495, oil on canvas, Vatican Museums)",,allusion,Vatican City,,,,Wikipedia,Vatican Museums,,,Public Doman,Found on Wikipedia,Image;StillImage,image/jpeg,,,,image,https://upload.wikimedia.org/wikipedia/commons/thumb/c/c4/Portrait_of_Pope_Alexander_VI_Borgia_%28Vatican_Museums_-_Musei_Vaticani%2C_Vatican%29.jpg/1920px-Portrait_of_Pope_Alexander_VI_Borgia_%28Vatican_Museums_-_Musei_Vaticani%2C_Vatican%29.jpg,https://upload.wikimedia.org/wikipedia/commons/thumb/c/c4/Portrait_of_Pope_Alexander_VI_Borgia_%28Vatican_Museums_-_Musei_Vaticani%2C_Vatican%29.jpg/1920px-Portrait_of_Pope_Alexander_VI_Borgia_%28Vatican_Museums_-_Musei_Vaticani%2C_Vatican%29.jpg,https://upload.wikimedia.org/wikipedia/commons/thumb/c/c4/Portrait_of_Pope_Alexander_VI_Borgia_%28Vatican_Museums_-_Musei_Vaticani%2C_Vatican%29.jpg/1920px-Portrait_of_Pope_Alexander_VI_Borgia_%28Vatican_Museums_-_Musei_Vaticani%2C_Vatican%29.jpg,,
dor085c,dor085,Lucrezia Borgia,1518,yes,Dosso Dossi,,"Portrait by Dosso Dossi which is purported to depict Lucrezia, c. 1518",,allusion,Mantua,,,,Wikipedia,,,,Public Doman,Found on Wikipedia,Image;StillImage,image/jpeg,,,,image,https://upload.wikimedia.org/wikipedia/commons/thumb/b/b6/Dosso_DOSSI_%2C_Battista_DOSSI_%28attributed_to%29_-_Lucrezia_Borgia%2C_Duchess_of_Ferrara_-_Google_Art_Project.jpg/1920px-Dosso_DOSSI_%2C_Battista_DOSSI_%28attributed_to%29_-_Lucrezia_Borgia%2C_Duchess_of_Ferrara_-_Google_Art_Project.jpg?,https://upload.wikimedia.org/wikipedia/commons/thumb/b/b6/Dosso_DOSSI_%2C_Battista_DOSSI_%28attributed_to%29_-_Lucrezia_Borgia%2C_Duchess_of_Ferrara_-_Google_Art_Project.jpg/1920px-Dosso_DOSSI_%2C_Battista_DOSSI_%28attributed_to%29_-_Lucrezia_Borgia%2C_Duchess_of_Ferrara_-_Google_Art_Project.jpg?,https://upload.wikimedia.org/wikipedia/commons/thumb/b/b6/Dosso_DOSSI_%2C_Battista_DOSSI_%28attributed_to%29_-_Lucrezia_Borgia%2C_Duchess_of_Ferrara_-_Google_Art_Project.jpg/1920px-Dosso_DOSSI_%2C_Battista_DOSSI_%28attributed_to%29_-_Lucrezia_Borgia%2C_Duchess_of_Ferrara_-_Google_Art_Project.jpg?,,
dor086,,Charles I,1636,,Anthony van Dyck,,"Portrait of Charles I, 1636",,allusion,London,,,,Wikipedia,,,,Public Doman,Found on Wikipedia,Image;StillImage,image/jpeg,,,,image,https://upload.wikimedia.org/wikipedia/commons/d/d5/King_Charles_I_after_original_by_van_Dyck.jpg?,https://upload.wikimedia.org/wikipedia/commons/d/d5/King_Charles_I_after_original_by_van_Dyck.jpg?,https://upload.wikimedia.org/wikipedia/commons/d/d5/King_Charles_I_after_original_by_van_Dyck.jpg?,,
dor087,,Richard II,1390,,,,"Portrait of Richard II at Westminster Abbey, mid-1390s",,allusion,London,,,,Wikipedia,,,,Public Doman,Found on Wikipedia,Image;StillImage,image/jpeg,,,,image,https://upload.wikimedia.org/wikipedia/commons/c/c5/The_Westminster_Portrait_of_Richard_II_of_England_%281390s%29.jpg?,https://upload.wikimedia.org/wikipedia/commons/c/c5/The_Westminster_Portrait_of_Richard_II_of_England_%281390s%29.jpg?,https://upload.wikimedia.org/wikipedia/commons/c/c5/The_Westminster_Portrait_of_Richard_II_of_England_%281390s%29.jpg?,,
dor088,,Henry VIII,1540,yes,Hans Holbein the Younger,,"Portrait of Henry VIII c. 1540–1547",,allusion,London,,,,Wikipedia,,,,Public Doman,Found on Wikipedia,Image;StillImage,image/jpeg,,,,image,https://upload.wikimedia.org/wikipedia/commons/thumb/f/f9/After_Hans_Holbein_the_Younger_-_Portrait_of_Henry_VIII_-_Google_Art_Project.jpg/1280px-After_Hans_Holbein_the_Younger_-_Portrait_of_Henry_VIII_-_Google_Art_Project.jpg,https://upload.wikimedia.org/wikipedia/commons/thumb/f/f9/After_Hans_Holbein_the_Younger_-_Portrait_of_Henry_VIII_-_Google_Art_Project.jpg/1280px-After_Hans_Holbein_the_Younger_-_Portrait_of_Henry_VIII_-_Google_Art_Project.jpg,https://upload.wikimedia.org/wikipedia/commons/thumb/f/f9/After_Hans_Holbein_the_Younger_-_Portrait_of_Henry_VIII_-_Google_Art_Project.jpg/1280px-After_Hans_Holbein_the_Younger_-_Portrait_of_Henry_VIII_-_Google_Art_Project.jpg,,
dor089,,James I,1605,yes,John de Critz,,"Portrait of James I, c. 1605",,allusion,London,,,,Wikipedia,,,,Public Doman,Found on Wikipedia,Image;StillImage,image/jpeg,,,,image,https://upload.wikimedia.org/wikipedia/commons/5/53/JamesIEngland_%28cropped_2%29.jpgg,https://upload.wikimedia.org/wikipedia/commons/5/53/JamesIEngland_%28cropped_2%29.jpg,https://upload.wikimedia.org/wikipedia/commons/5/53/JamesIEngland_%28cropped_2%29.jpg,,
dor090,,Henry II,1186,yes,,,"Contemporary miniature from the Topographia Hibernica, c. 1186–1188",,allusion,London,,,,Wikipedia,,,,Public Doman,Found on Wikipedia,Image;StillImage,image/jpeg,,,,image,https://upload.wikimedia.org/wikipedia/commons/5/58/Henry_II_Illumination.jpg?,https://upload.wikimedia.org/wikipedia/commons/5/58/Henry_II_Illumination.jpg?,https://upload.wikimedia.org/wikipedia/commons/5/58/Henry_II_Illumination.jpg?,,
dor091,,Piers Gaveston,1872,,Marcus Stone,,"An 1872 painting by English artist Marcus Stone shows Edward II cavorting with Gaveston at left, while nobles and courtiers look on with concern.",,allusion,London,,,,Wikipedia,,,,Public Doman,Found on Wikipedia,Image;StillImage,image/jpeg,,,,image,https://upload.wikimedia.org/wikipedia/commons/c/c6/Edward_II_%26_Gaveston_by_Marcus_Stone.jpg,https://upload.wikimedia.org/wikipedia/commons/c/c6/Edward_II_%26_Gaveston_by_Marcus_Stone.jpg,https://upload.wikimedia.org/wikipedia/commons/c/c6/Edward_II_%26_Gaveston_by_Marcus_Stone.jpg,,
dor092,,Charles the Rash,1461,yes,Rogier van der Weyden,,"Charles the Bold in about 1461–1462, wearing the collar of the Order of the Golden Fleece, painted by Rogier van der Weyden",,allusion,London,,,,Wikipedia,,,,Public Doman,Found on Wikipedia,Image;StillImage,image/jpeg,,,,image,https://upload.wikimedia.org/wikipedia/commons/thumb/0/03/Charles_the_Bold_1460.jpg/1280px-Charles_the_Bold_1460.jpg,https://upload.wikimedia.org/wikipedia/commons/thumb/0/03/Charles_the_Bold_1460.jpg/1280px-Charles_the_Bold_1460.jpg,https://upload.wikimedia.org/wikipedia/commons/thumb/0/03/Charles_the_Bold_1460.jpg/1280px-Charles_the_Bold_1460.jpg,,
dor093,,Lost Art of the World,,,,,,,allusion,,,,,,,,,,,,compound_object,,,,compound_object,,,,,
dor093a,dor093,Peplos of Athena,2006,,Harrieta171,,"The Mourning Athena relief with Athena wearing a peplos, c. 460 BC",,allusion,,,,,Wikipedia,,,,Creative Commons Attribution 3.0,Found on Wikipedia,Image;StillImage,image/jpeg,,,,image,https://upload.wikimedia.org/wikipedia/commons/1/14/Acropole_Mus%C3%A9e_Ath%C3%A9na_pensante.JPG,https://upload.wikimedia.org/wikipedia/commons/1/14/Acropole_Mus%C3%A9e_Ath%C3%A9na_pensante.JPG,https://upload.wikimedia.org/wikipedia/commons/1/14/Acropole_Mus%C3%A9e_Ath%C3%A9na_pensante.JPG,,
dor093b,dor093,Velarium,1859,,Jean-Léon Gérôme,,"Velarium is visible in the background in Jean-Léon Gérôme's painting Ave Caesar! Morituri te salutant",,allusion,Paris,,,,Wikipedia,,,,Public Doman,Found on Wikipedia,Image;StillImage,image/jpeg,,,,image,https://upload.wikimedia.org/wikipedia/commons/e/ed/Ave_Caesar_Morituri_te_Salutant_%28G%C3%A9r%C3%B4me%29_01.jpg,https://upload.wikimedia.org/wikipedia/commons/e/ed/Ave_Caesar_Morituri_te_Salutant_%28G%C3%A9r%C3%B4me%29_01.jpg,https://upload.wikimedia.org/wikipedia/commons/e/ed/Ave_Caesar_Morituri_te_Salutant_%28G%C3%A9r%C3%B4me%29_01.jpg,,
dor093c,dor093,King Chilperic,1800,yes,Jean-Paul Laurens,,"Le jugement de Chilpéric, a tyrannical portrayal of Chilperic by Jean-Paul Laurens",,allusion,Paris,,,,Wikipedia,,,,Public Doman,Found on Wikipedia,Image;StillImage,image/jpeg,,,,image,https://upload.wikimedia.org/wikipedia/commons/7/72/Jean-Paul_Laurens_-_Le_jugement_de_Chilp%C3%A9ric.jpg?,https://upload.wikimedia.org/wikipedia/commons/7/72/Jean-Paul_Laurens_-_Le_jugement_de_Chilp%C3%A9ric.jpg?,https://upload.wikimedia.org/wikipedia/commons/7/72/Jean-Paul_Laurens_-_Le_jugement_de_Chilp%C3%A9ric.jpg?,,
dor093d,dor093,Asterius of Amasea,,,,,"The Caesar Constantius Gallus in a later copy of the Chronography of 354, with one of the best-surviving indications of what the pictures on clothes described by Asterius looked like.",,allusion,,,,,Wikipedia,,,,Public Doman,Found on Wikipedia,Image;StillImage,image/jpeg,,,,image,https://upload.wikimedia.org/wikipedia/commons/a/a7/Chronography_354_gallus_caesar.png?,https://upload.wikimedia.org/wikipedia/commons/a/a7/Chronography_354_gallus_caesar.png?,https://upload.wikimedia.org/wikipedia/commons/a/a7/Chronography_354_gallus_caesar.png?,,
dor093e,dor093,Charles of Orleans,1473,,,,"Miniature from the southern Netherlands, 1473",,allusion,The Netherlands,,,,Wikipedia,,,,Public Doman,Found on Wikipedia,Image;StillImage,image/jpeg,,,,image,https://upload.wikimedia.org/wikipedia/commons/0/0d/Charles_Ier_d%27Orl%C3%A9ans.jpg,https://upload.wikimedia.org/wikipedia/commons/0/0d/Charles_Ier_d%27Orl%C3%A9ans.jpg,https://upload.wikimedia.org/wikipedia/commons/0/0d/Charles_Ier_d%27Orl%C3%A9ans.jpg,,
dor093f,dor093,Queen Joan,1333,yes,,,"Queen Joan commissioning a work from translator Jean de Vignay, 1333",,allusion,France,,,,Wikipedia,,,,Public Doman,Found on Wikipedia,Image;StillImage,image/jpeg,,,,image,https://upload.wikimedia.org/wikipedia/en/e/eb/Jean_de_Vignay_writing_for_Queen_Joan%2C_from_BnF_fr._308_folio_1r.png?,https://upload.wikimedia.org/wikipedia/en/e/eb/Jean_de_Vignay_writing_for_Queen_Joan%2C_from_BnF_fr._308_folio_1r.png?,https://upload.wikimedia.org/wikipedia/en/e/eb/Jean_de_Vignay_writing_for_Queen_Joan%2C_from_BnF_fr._308_folio_1r.png?,,
dor093g,dor093,Catherine de Medicis,1560,yes,François Clouet,,"Portrait of Catherine de Medicis, c. 1560",,allusion,Florence,,,,Wikipedia,,,,Public Doman,Found on Wikipedia,Image;StillImage,image/jpeg,,,,image,https://upload.wikimedia.org/wikipedia/commons/0/01/Catherine_de_M%C3%A9dicis_-_entourage_de_Fran%C3%A7ois_Clouet.jpg,https://upload.wikimedia.org/wikipedia/commons/0/01/Catherine_de_M%C3%A9dicis_-_entourage_de_Fran%C3%A7ois_Clouet.jpg,https://upload.wikimedia.org/wikipedia/commons/0/01/Catherine_de_M%C3%A9dicis_-_entourage_de_Fran%C3%A7ois_Clouet.jpg,,
dor093h,dor093,The Caryatides of Louis XIV,1550; 2016,yes,Jean Goujon; Roi Roiability,,"Renaissance caryatids of the musicians' loft in the Louvre Palace, Paris, by Jean Goujon, 1550",,allusion,Paris,,,,Wikipedia,The Louvre,,,Creative Commons Attribution-Share Alike 2.0 Generic,Found on Wikipedia,Image;StillImage,image/jpeg,,,,image,https://upload.wikimedia.org/wikipedia/commons/b/bf/Paris_Palais_du_Louvre_Salle_des_Caryatides_tribune_20161031.jpg?,https://upload.wikimedia.org/wikipedia/commons/b/bf/Paris_Palais_du_Louvre_Salle_des_Caryatides_tribune_20161031.jpg?,,,
dor093i,dor093,John III Sobieski,1680,yes,Daniel Schultz,,"Portrait of John III Sobieski by Daniel Schultz, c. 1680",,allusion,Danzig,,,,Wikipedia,,,,Public Doman,Found on Wikipedia,Image;StillImage,image/jpeg,,,,image,https://upload.wikimedia.org/wikipedia/commons/7/7a/Schultz_John_III_Sobieski.jpg,https://upload.wikimedia.org/wikipedia/commons/7/7a/Schultz_John_III_Sobieski.jpg,https://upload.wikimedia.org/wikipedia/commons/7/7a/Schultz_John_III_Sobieski.jpg,,
dor094,,Blue Gate Fields,1872,,Gustave Doré.,,"Bluegate Fields in 1872, by Gustave Doré.",,location,London,51.510278,-0.056111,,Wikipedia,,,,Public Doman,Found on Wikipedia,Image;StillImage,image/jpeg,,,,image,https://upload.wikimedia.org/wikipedia/commons/thumb/b/b4/Bpt6k10470488_f319.jpg/1920px-Bpt6k10470488_f319.jpg?,https://upload.wikimedia.org/wikipedia/commons/thumb/b/b4/Bpt6k10470488_f319.jpg/1920px-Bpt6k10470488_f319.jpg?,https://upload.wikimedia.org/wikipedia/commons/thumb/b/b4/Bpt6k10470488_f319.jpg/1920px-Bpt6k10470488_f319.jpg?,,
dor095,,Trouville,1865,,Eugène Boudin,,"Eugène Boudin, The Beach at Trouville, 1865, Princeton University Art Museum",,location,Trouville,49.3683,0.0825,,Wikipedia,Princeton University Art Museum,,,Public Doman,Found on Wikipedia,Image;StillImage,image/jpeg,,,,image,https://upload.wikimedia.org/wikipedia/commons/b/b8/Boudin%2C_Eug%C3%A8ne%2C_The_Beach_at_Trouville%2C_1865.jpg,https://upload.wikimedia.org/wikipedia/commons/b/b8/Boudin%2C_Eug%C3%A8ne%2C_The_Beach_at_Trouville%2C_1865.jpg,https://upload.wikimedia.org/wikipedia/commons/b/b8/Boudin%2C_Eug%C3%A8ne%2C_The_Beach_at_Trouville%2C_1865.jpg,,
dor096,,Algiers,1921,,,,"City and harbour of Algiers, c. 1921",,location,Algiers,36.7325,3.087222,,Wikipedia,"Collier's New Encyclopedia, Volume 1",,,Public Doman,Found on Wikipedia,Image;StillImage,image/jpeg,,,,image,https://upload.wikimedia.org/wikipedia/commons/3/36/Algiers_CNE-v1-p58-J.jpg?,https://upload.wikimedia.org/wikipedia/commons/3/36/Algiers_CNE-v1-p58-J.jpg?,https://upload.wikimedia.org/wikipedia/commons/3/36/Algiers_CNE-v1-p58-J.jpg?,,
dor097,,Nottinghamshire,1576,,Christopher Saxton,,"Hand-drawn map of Lincolnshire and Nottinghamshire from 1576.",,location,Nottinghamshire,,,,Wikipedia,University of Exeter,,,Public Doman,Found on Wikipedia,Image;StillImage,image/jpeg,,,,image,https://upload.wikimedia.org/wikipedia/commons/thumb/4/41/Lincolnia_nottinghamia_Atlas.jpg/3840px-Lincolnia_nottinghamia_Atlas.jpg?,https://upload.wikimedia.org/wikipedia/commons/thumb/4/41/Lincolnia_nottinghamia_Atlas.jpg/3840px-Lincolnia_nottinghamia_Atlas.jpg?,https://upload.wikimedia.org/wikipedia/commons/thumb/4/41/Lincolnia_nottinghamia_Atlas.jpg/3840px-Lincolnia_nottinghamia_Atlas.jpg?,,
dor098,,West End,2003,,MykReeve,,"Dragon statue on the Temple Bar monument, which marks the boundary between the City of Westminster and City of London",,location,London,,,,Wikipedia,,,,Creative Commons Attribution 3.0,Found on Wikipedia,Image;StillImage,image/jpeg,,,,image,https://upload.wikimedia.org/wikipedia/commons/e/e5/Temple-bar-griffin.jpg?,https://upload.wikimedia.org/wikipedia/commons/e/e5/Temple-bar-griffin.jpg?,https://upload.wikimedia.org/wikipedia/commons/e/e5/Temple-bar-griffin.jpg?,,
dor099,,"The works of Francis Osborn esq; divine, moral, historical, political",1689,,Francis Osborn,,"The works of Francis Osborn esq; divine, moral, historical, political. In four several tracts. Viz. I. Advice to a son, in two parts. 2. Political reflections on the government of the Turks, &c. 3. Memoires on Q. Elizabeth and K. James. 4. A miscellany of essays, paradoxes, problematical discourses, letters, characters, &c.",,allusion,London,,,,Hathitrust,Princeton University,,,Public Doman,Retrieved from Hathitrust,Text,,,,,record,https://catalog.hathitrust.org/Record/009471887,,,,
dor100,,Philip Herbert,1615,yes,,,"Philip Herbert, 4th Earl of Pembroke, in the robes of the Order of the Garter c. 1615. Unknown artist, National Portrait Gallery, London.",,allusion,London,,,,Wikipedia,"National Portrait Gallery, London",,,Public Doman,Found on Wikipedia,Image;StillImage,image/jpeg,,,,image,https://upload.wikimedia.org/wikipedia/commons/d/d7/Philip_Herbert_4th_Earl_of_Pembroke_from_NPG_retouched.jpg,https://upload.wikimedia.org/wikipedia/commons/d/d7/Philip_Herbert_4th_Earl_of_Pembroke_from_NPG_retouched.jpg,https://upload.wikimedia.org/wikipedia/commons/d/d7/Philip_Herbert_4th_Earl_of_Pembroke_from_NPG_retouched.jpg,,
dor101,,Giovanna of Naples,1300,yes,,,"Miniature depicting Queen Sancia of Mallorca caressing her stepgranddaughters Joanna and Maria, presented to her by their mother Marie of Valois.",,allusion,,,,,Wikipedia,,,,Public Doman,Found on Wikipedia,Image;StillImage,image/jpeg,,,,image,https://upload.wikimedia.org/wikipedia/commons/7/73/Sanchamallorka.jpg,https://upload.wikimedia.org/wikipedia/commons/7/73/Sanchamallorka.jpg,https://upload.wikimedia.org/wikipedia/commons/7/73/Sanchamallorka.jpg,,
dor102,,Carlton House,1808,yes,Thomas Rowlandson; Augustus Charles Pugin,,The Hall of Carlton House,,allusion,London,,,,Wikipedia,The Metropolitan Museum of Art,,,Public Doman,Found on Wikipedia,Image;StillImage,image/jpeg,,,,image,https://upload.wikimedia.org/wikipedia/commons/1/19/The_Hall_Carlton_House_MET_DP874003.jpg,https://upload.wikimedia.org/wikipedia/commons/1/19/The_Hall_Carlton_House_MET_DP874003.jpg,https://upload.wikimedia.org/wikipedia/commons/1/19/The_Hall_Carlton_House_MET_DP874003.jpg,,
dor103,,Tiberius,2008,,Giovanni Dall'Orto,,"Roman marble bust of Tiberius",,allusion,London,,,,Wikipedia,Ara Pacis museum,,,Public Doman,Found on Wikipedia,Image;StillImage,image/jpeg,,,,image,https://upload.wikimedia.org/wikipedia/commons/7/7e/8095_-_Roma_-_Ara_Pacis_-_Tiberio_-_Foto_Giovanni_Dall%27Orto_-_28-Mar-2008.jpg,https://upload.wikimedia.org/wikipedia/commons/7/7e/8095_-_Roma_-_Ara_Pacis_-_Tiberio_-_Foto_Giovanni_Dall%27Orto_-_28-Mar-2008.jpg,https://upload.wikimedia.org/wikipedia/commons/7/7e/8095_-_Roma_-_Ara_Pacis_-_Tiberio_-_Foto_Giovanni_Dall%27Orto_-_28-Mar-2008.jpg,,
dor104,,Elephantis,,,,,Elephantis was a late first century Greek poet notorious for writing an erotic manual. There are no known depictions of her,,,,,,,,,,,,,,,,,,record,,,,,
dor105,,Caligula,,,,,"Fanciful Renaissance depiction of Caligula",,allusion,,,,,Wikipedia,,,,Public Doman,Found on Wikipedia,Image;StillImage,image/jpeg,,,,image,https://upload.wikimedia.org/wikipedia/commons/2/28/Cor-aabr001903.jpg,https://upload.wikimedia.org/wikipedia/commons/2/28/Cor-aabr001903.jpg,,,
dor106,,Domitian,2013,,sailko,,"Bust of Domitian in the Louvre",,allusion,Paris,,,,Wikipedia,The Louvre,,,Creative Commons Attribution 3.0,Found on Wikipedia,Image;StillImage,image/jpeg,,,,image,https://upload.wikimedia.org/wikipedia/commons/f/ff/Domiziano_da_collezione_albani%2C_fine_del_I_sec._dc._02.JPG,https://upload.wikimedia.org/wikipedia/commons/f/ff/Domiziano_da_collezione_albani%2C_fine_del_I_sec._dc._02.JPG,https://upload.wikimedia.org/wikipedia/commons/f/ff/Domiziano_da_collezione_albani%2C_fine_del_I_sec._dc._02.JPG,,
dor107,,Nero,,,Bibi Saint-Pol,,"Roman marble head of Nero from an oversized statue, Glyptothek museum",,allusion,Munich,,,,Wikipedia,Glyptothek museum,,,Public Doman,Found on Wikipedia,Image;StillImage,image/jpeg,,,,image,https://upload.wikimedia.org/wikipedia/commons/1/12/Nero_Glyptothek_Munich_321.jpg,https://upload.wikimedia.org/wikipedia/commons/1/12/Nero_Glyptothek_Munich_321.jpg,https://upload.wikimedia.org/wikipedia/commons/1/12/Nero_Glyptothek_Munich_321.jpg,,
dor108,,Filippo Maria Visconti,1455,yes,Pisanello,,"Portrait of Filippo Maria Visconti preparatory drawing by Pisanello for the commemorative medal of the Duke",,allusion,Paris,,,,Wikipedia,The Louvre,,,Public Doman,Found on Wikipedia,Image;StillImage,image/jpeg,,,,image,https://upload.wikimedia.org/wikipedia/commons/0/01/Pisanello_-_Codex_Vallardi_2484.jpg,https://upload.wikimedia.org/wikipedia/commons/0/01/Pisanello_-_Codex_Vallardi_2484.jpg,https://upload.wikimedia.org/wikipedia/commons/0/01/Pisanello_-_Codex_Vallardi_2484.jpg,,
dor109,,Pope Paul II,1552,yes,,,"Portrait of Pope Paul II, Pinacoteca Civica, Como",,allusion,Como,,,,Wikipedia,,,,Public Doman,Found on Wikipedia,Image;StillImage,image/jpeg,,,,image,https://upload.wikimedia.org/wikipedia/commons/3/37/Portrait_of_Paolo_II.jpg,https://upload.wikimedia.org/wikipedia/commons/3/37/Portrait_of_Paolo_II.jpg,https://upload.wikimedia.org/wikipedia/commons/3/37/Portrait_of_Paolo_II.jpg,,
dor110,,Gian Maria Visconti,,,Paolo Giovio,,Le vite de i dodeci visconti che signoreggiarono Milano,,allusion,Milan,,,,Wikipedia,,,,Public Doman,Found on Wikipedia,Image;StillImage,image/jpeg,,,,image,https://upload.wikimedia.org/wikipedia/commons/thumb/c/cc/Giovanni_Maria_Visconti_-_Le_vite_de_i_dodeci_visconti_che_signoreggiarono_Milano_%281645%29.jpg/1920px-Giovanni_Maria_Visconti_-_Le_vite_de_i_dodeci_visconti_che_signoreggiarono_Milano_%281645%29.jpg,https://upload.wikimedia.org/wikipedia/commons/thumb/c/cc/Giovanni_Maria_Visconti_-_Le_vite_de_i_dodeci_visconti_che_signoreggiarono_Milano_%281645%29.jpg/1920px-Giovanni_Maria_Visconti_-_Le_vite_de_i_dodeci_visconti_che_signoreggiarono_Milano_%281645%29.jpg,https://upload.wikimedia.org/wikipedia/commons/thumb/c/cc/Giovanni_Maria_Visconti_-_Le_vite_de_i_dodeci_visconti_che_signoreggiarono_Milano_%281645%29.jpg/1920px-Giovanni_Maria_Visconti_-_Le_vite_de_i_dodeci_visconti_che_signoreggiarono_Milano_%281645%29.jpg,,
dor111,,Pietro Riario,,,Fabrizio Boschi,,"Ognissanti (Florence) - Cloister - Franciscan Personalities by Fabrizio Boschi and workshop",,allusion,Florence,,,,Wikipedia,,,,Public Doman,Found on Wikipedia,Image;StillImage,image/jpeg,,,,image,https://upload.wikimedia.org/wikipedia/commons/0/0d/Pietro_Riario_%28cropped%29.jpg?,https://upload.wikimedia.org/wikipedia/commons/0/0d/Pietro_Riario_%28cropped%29.jpg?,https://upload.wikimedia.org/wikipedia/commons/0/0d/Pietro_Riario_%28cropped%29.jpg?,,
dor112,,Pope Sixtus IV,1476,yes,Pedro Berruguete,,"Portrait of Pope Sixtus IV by Pedro Berruguete, c. 1476–1482",,allusion,Rome,,,,Wikipedia,,,,Public Doman,Found on Wikipedia,Image;StillImage,image/jpeg,,,,image,https://upload.wikimedia.org/wikipedia/commons/thumb/4/4c/Pedro_Berruguete_-_Portrait_of_Pope_Sixtus_IV_della_Rovere_-_1916.815_-_Cleveland_Museum_of_ArtFXD.jpg/1920px-Pedro_Berruguete_-_Portrait_of_Pope_Sixtus_IV_della_Rovere_-_1916.815_-_Cleveland_Museum_of_ArtFXD.jpg,https://upload.wikimedia.org/wikipedia/commons/thumb/4/4c/Pedro_Berruguete_-_Portrait_of_Pope_Sixtus_IV_della_Rovere_-_1916.815_-_Cleveland_Museum_of_ArtFXD.jpg/1920px-Pedro_Berruguete_-_Portrait_of_Pope_Sixtus_IV_della_Rovere_-_1916.815_-_Cleveland_Museum_of_ArtFXD.jpg,https://upload.wikimedia.org/wikipedia/commons/thumb/4/4c/Pedro_Berruguete_-_Portrait_of_Pope_Sixtus_IV_della_Rovere_-_1916.815_-_Cleveland_Museum_of_ArtFXD.jpg/1920px-Pedro_Berruguete_-_Portrait_of_Pope_Sixtus_IV_della_Rovere_-_1916.815_-_Cleveland_Museum_of_ArtFXD.jpg,,
dor113,,Leonora of Naples,1473,yes,Antonio Cornazzano,,Portrait from a manuscript Il modo di regere e di regnare by Antonio Cornazzano.,,allusion,Paris,,,,Wikipedia,,,,Public Doman,Found on Wikipedia,Image;StillImage,image/jpeg,,,,image,https://upload.wikimedia.org/wikipedia/commons/c/cb/EleonoraCornazzano.png?,https://upload.wikimedia.org/wikipedia/commons/c/cb/EleonoraCornazzano.png?,https://upload.wikimedia.org/wikipedia/commons/c/cb/EleonoraCornazzano.png?,,
dor114,,Ezzelin,1568,yes,Cristofano dell'Altissimo,,"Portrait of Ezzelino III da Romano by Cristofano dell'Altissimo.",,allusion,Padua,,,,Wikipedia,,,,Public Doman,Found on Wikipedia,Image;StillImage,image/jpeg,,,,image,https://upload.wikimedia.org/wikipedia/commons/8/83/Portrait_of_Ezzelino_III_da_Romano_%28by_Cristofano_dell%27Altissimo%29.jpg,https://upload.wikimedia.org/wikipedia/commons/8/83/Portrait_of_Ezzelino_III_da_Romano_%28by_Cristofano_dell%27Altissimo%29.jpg,https://upload.wikimedia.org/wikipedia/commons/8/83/Portrait_of_Ezzelino_III_da_Romano_%28by_Cristofano_dell%27Altissimo%29.jpg,,
dor115,,Pope Innocent VIII,,,,,"Pope Innocent VIII (Giovanni Battista Cybo (or Cibo)(1432 – July 25, 1492)",,,,,,,Wikipedia,,,,Public Doman,Found on Wikipedia,Image;StillImage,image/jpeg,,,,image,https://upload.wikimedia.org/wikipedia/commons/9/97/Innocent_VIII_1492.JPG?,https://upload.wikimedia.org/wikipedia/commons/9/97/Innocent_VIII_1492.JPG?,https://upload.wikimedia.org/wikipedia/commons/9/97/Innocent_VIII_1492.JPG?,,
dor116,dor098,House of Malatesta,,,,,,,allusion,,,,,,,,,,,,compound_object,,,,compound_object,,,,,
dor116a,dor098,Sigismondo Malatesta,1451,yes,Piero della Francesca,,Portrait of Sigismondo Pandolfo Malatesta by Piero della Francesca,,allusion,Paris,,,,Wikipedia,,,,Public Doman,Found on Wikipedia,Image;StillImage,image/jpeg,,,,image,https://upload.wikimedia.org/wikipedia/commons/5/5e/Piero%2C_ritratto_di_sigismondo_malatesta.jpg,https://upload.wikimedia.org/wikipedia/commons/5/5e/Piero%2C_ritratto_di_sigismondo_malatesta.jpg,https://upload.wikimedia.org/wikipedia/commons/5/5e/Piero%2C_ritratto_di_sigismondo_malatesta.jpg,,
dor116b,dor098,Isotta degli Atti,1446,,Matteo di Andrea de' Pasti,,"Medal of Isotta degli Atti by Matteo de' Pasti, 1446.",,allusion,Verona,,,,Wikipedia,,,,Public Doman,Found on Wikipedia,Image;StillImage,image/jpeg,,,,image,https://upload.wikimedia.org/wikipedia/commons/5/5b/Matteo_de%27_Pasti%2C_Isotta_degli_Atti%2C_1432-1433-1474%2C_Mistress_1446%2C_then_Wife_after_1453%2C_of_Sigismondo_Malatesta_%28obverse%29%2C_1446%2C_NGA_44413.jpg,https://upload.wikimedia.org/wikipedia/commons/5/5b/Matteo_de%27_Pasti%2C_Isotta_degli_Atti%2C_1432-1433-1474%2C_Mistress_1446%2C_then_Wife_after_1453%2C_of_Sigismondo_Malatesta_%28obverse%29%2C_1446%2C_NGA_44413.jpg,https://upload.wikimedia.org/wikipedia/commons/5/5b/Matteo_de%27_Pasti%2C_Isotta_degli_Atti%2C_1432-1433-1474%2C_Mistress_1446%2C_then_Wife_after_1453%2C_of_Sigismondo_Malatesta_%28obverse%29%2C_1446%2C_NGA_44413.jpg,,
dor116c,dor098,"Polissena Sforza",,,,,,,allusion,,,,,,,,,,,,,,,,record,,,,,
dor116c,dor098,Ginevra d’Este,1449,yes,Pisanello,,Portrait of a Princess by Pisanello - the sitter may be Ginevra. The woman also wears a twig of juniper an allusion to her name.,,allusion,,,,,Wikipedia,,,,Public Doman,Found on Wikipedia,Image;StillImage,image/jpeg,,,,image,https://upload.wikimedia.org/wikipedia/commons/3/3b/Pisanello_016.jpg,https://upload.wikimedia.org/wikipedia/commons/3/3b/Pisanello_016.jpg,https://upload.wikimedia.org/wikipedia/commons/3/3b/Pisanello_016.jpg,,
dor117,,Charles VI,1400,yes,,,"Charles seized by madness in the forest near Le Mans in 1392, shown in a miniature from Froissart's Chronicles",,allusion,Bruges,,,,Wikipedia,,,,Public Doman,Found on Wikipedia,Image;StillImage,image/jpeg,,,,image,https://upload.wikimedia.org/wikipedia/commons/f/fe/Madness_of_Charles_VI.jpg,https://upload.wikimedia.org/wikipedia/commons/f/fe/Madness_of_Charles_VI.jpg,https://upload.wikimedia.org/wikipedia/commons/f/fe/Madness_of_Charles_VI.jpg,,
dor118,,Red Wedding of the Baglioni,,,,,"Pietro Perugino and the ""Bottega of 1473"": Nicchia di San Bernardino, Stories of Saint Bernardino",,allusion,Perugia,,,,Wikipedia,,,,Public Doman,Found on Wikipedia,Image;StillImage,image/jpeg,,,,image,https://upload.wikimedia.org/wikipedia/commons/6/62/Tavolette_di_s._bernardino%2C_1473%2C_san_bernardino_appare_di_notte_a_giov.antonio_tornato_ferito_in_un_agguato_e_lo_risana.jpgg,https://upload.wikimedia.org/wikipedia/commons/6/62/Tavolette_di_s._bernardino%2C_1473%2C_san_bernardino_appare_di_notte_a_giov.antonio_tornato_ferito_in_un_agguato_e_lo_risana.jpg,https://upload.wikimedia.org/wikipedia/commons/6/62/Tavolette_di_s._bernardino%2C_1473%2C_san_bernardino_appare_di_notte_a_giov.antonio_tornato_ferito_in_un_agguato_e_lo_risana.jpg,,
dor119,,Edward II,,,,,"Edward II shown receiving the English crown in a contemporary illustration",,allusion,London,,,,Wikipedia,,,,Public Doman,Found on Wikipedia,Image;StillImage,image/jpeg,,,,image,https://upload.wikimedia.org/wikipedia/commons/d/d1/Edward_II_-_British_Library_Royal_20_A_ii_f10_%28detail%29.jpg,https://upload.wikimedia.org/wikipedia/commons/d/d1/Edward_II_-_British_Library_Royal_20_A_ii_f10_%28detail%29.jpg,https://upload.wikimedia.org/wikipedia/commons/d/d1/Edward_II_-_British_Library_Royal_20_A_ii_f10_%28detail%29.jpg,,,